"","ID","Description","Count","GeneRatio","geneID"
"GO:0002376","GO:0002376","immune system process",519,"519/2778","Ly96/Neurl3/Il1rl1/Slc40a1/Cd28/Fzd5/Fn1/Slc11a1/Sp110/Inpp5d/Gpr35/Tnfrsf11a/Marco/Cxcr4/Il10/Rassf5/Ikbke/Rab7b/Rab29/Adora1/Ptprc/Pla2g4a/Sh2d1b1/Fcgr2b/Fcgr4/Fcgr3/Fcer1g/Ly9/Slamf7/Cd48/Cd84/Slamf9/Slamf8/Aim2/Ifi214/Ifi209/Spta1/Exo1/Dusp10/Batf3/Camk1d/Prkcq/Vim/Mrc1/Apbb1ip/Il1rn/Ptgds/Bmyc/Card9/Tnfaip6/Itga4/Serping1/Ube2l6/Ptprj/Spi1/Mdk/Dgkz/Mapk8ip1/Cd44/Lmo2/Rasgrp1/Thbs1/Epb42/Bcl2l11/Il1b/Sirpa/Hck/Samhd1/Lbp/Mafb/Ada/Cd40/Prex1/Nfatc2/Was/Cybb/Cfp/Dock11/Sash3/Elf4/Il2rg/Cxcr3/Tlr13/Cysltr1/Btk/Alas2/Tlr8/Tlr7/Tpd52/Sirpb1a/Sirpb1b/Sirpb1c/Gm5150/Skil/Ptx3/Trim59/Tlr2/Fcrl2/Cd5l/S100a8/Rorc/Tnfaip8l2/Ctsk/Ctss/Ecm1/H2bc21/Fcgr1/Cd2/Ptpn22/Vav3/Tifa/Mcub/Mcoln2/Ptger3/Lyn/Svep1/Orm3/Ptprd/Jun/Pde4b/Skint3/Csf3r/Trim62/Laptm5/Atp5if1/Ptafr/Themis2/Fgr/Trim63/Nipal3/Cnr2/C1qb/C1qc/C1qa/Padi2/Tnfrsf1b/Pik3cd/Isg15/Spon2/Bst1/Tlr1/Tlr6/Rhoh/Tec/Stap1/Pf4/Cxcl2/Spp1/Crlf2/Selplg/Oasl1/Oas1c/Oas1g/Oas1a/P2rx7/Ncf1/Lat2/Sh2b2/Serpine1/Pilrb1/Card11/Actb/Hsph1/Lep/Irf5/Bpgm/Zyx/Rarres2/Tmem176a/Gpnmb/Tril/Mturn/Snca/Tnip3/Capg/Rab11fip5/Podxl2/Plxna1/Fancd2/Ret/C3ar1/Clec4a1/Clec4a3/Clec4a4/Clec4b1/Clec4a2/Clec4d/Ptpn6/Pianp/Gapdh/Cd9/Klrb1a/Klrb1b/Clec12a/Clec7a/Olr1/Ptpro/Irag2/Pirb/Pira1/Pira6/Pira2/Pira11/Lilra6/Lair1/Usp29/C5ar2/C5ar1/Slc1a5/Bcl3/Kcnn4/Pou2f2/Tgfb1/Pld3/Tyrobp/Hcst/Nfkbid/Cd22/Cd37/Fes/Lrrc32/Hbb-b1/Nlrp10/Adm/Prkcb/Il21r/Coro1a/Spn/Mylpf/Itgal/Pycard/Itgam/Itgad/Ptpre/Adam8/Tspan32/Kcnq1/Ulbp1/Zc3h12d/H60b/Vnn1/Enpp1/Arg1/Cd24a/Prdm1/Lilrb4b/Lilrb4a/Gja1/Smpdl3a/Psap/Vsir/Itgb2/Fstl3/Cfd/Cnn2/Stat6/Irs2/Rab20/F7/Ank1/Tcim/Mfhas1/Marchf1/Gdf15/Jund/Ifi30/Myo9b/Hmox1/Gapdhrt2/Il27ra/Lyl1/Dnase2a/Adcy7/Ccl22/Cx3cl1/Cklf/Cmtm3/Plcg2/Irf8/Cyba/Adk/Prkcd/Wdfy4/Shld2/Ear1/Ear10/Ear2/Lgals3/Rnase6/Mmp14/Ripk3/Il17d/Phf11a/Egr3/Lcp1/Epsti1/Diaph3/Acod1/Gpr183/Mmp12/Endod1/Fut4/Panx1/Icam1/Ldlr/Hspa8/Ubash3b/Trim29/Mpzl2/Cadm1/Pstpip1/Rab8b/Ccnb2/Cgas/Irak1bp1/Bcl2a1d/Bcl2a1a/Ctsh/Plscr1/Rbp1/Ackr4/Tlr9/Alas1/Gpx1/Ccrl2/Cmtm7/Ccr1/Ccr5/Myo1g/Ikzf1/Rel/Hba-a1/Hba-a2/Stk10/Lcp2/Dock2/Havcr2/Trim7/Gm5431/Gm12185/9930111J21Rik1/Tgtp1/Tgtp2/Ifi47/Tnip1/Nlrp3/Srebf1/Tnfrsf13b/Adora2b/Aurkb/Cd68/Tnfsf12/Mgl2/Clec10a/Arrb2/Cxcl16/Scimp/Nlrp1a/Nlrp1b/Shpk/Trpv1/Abr/Traf4/Ccl2/Ccl7/Slfn8/Slfn2/Ccl5/Ccl9/Ccl6/Ccl3/Ccl4/Wfdc21/Trim25/Rara/Ccr7/Dhx58/Ccr10/Tmem106a/Dusp3/Slc4a1/Grn/Milr1/Cd300a/Cd300lb/Cd300ld/Cd300c2/Cd300ld2/Cd300ld4/Cd300ld3/Cd300lf/Unc13d/Actg1/Gpr137b/H2bc12/Sox4/Serpinb9b/Ly86/Nedd9/Cd83/Ninj1/Syk/Sfxn1/Tifab/Ctsl/Naip2/Naip5/Naip6/Pik3r1/Cd180/Gapt/Ndufs4/Fkbp1b/Lpin1/Id2/Rsad2/Pik3cg/Nampt/Tmem229b/Fos/Tgfb3/Gpr68/Lgmn/Asb2/Evl/Pld4/Ptger4/Il7r/Dcstamp/Angpt1/Apol11a/Csf2rb2/Il2rb/Rac2/Nfam1/Endou/Racgap1/Acvr1b/Nckap1l/Ciita/Socs1/Ephb3/Masp1/Apod/Nrros/Parp14/Cd86/Hcls1/Polq/Cd80/Cd200r1/Samsn1/App/Ifngr2/Runx1/Hmga1/Rasal3/Myo1f/H2-DMa/H2-DMb2/H2-DMb1/H2-Ab1/H2-Aa/H2-Eb1/Gpsm3/Cfb/Hspa1b/Aif1/Lst1/Tnf/H2-Q10/Trim10/Ubd/H2-M3/Tnfrsf21/Pla2g7/Runx2/Trem1/Trem2/Rftn1/Plcl2/Ebi3/Ptprs/C3/Vav1/Adgre1/Nlrc4/Prkce/Gapdh-ps15/Egr1/Sting1/Ticam2/Lox/Zfp608/Cd74/Camk2a/Csf1r/Pmaip1/Cd226/Cpt1a/Tcirg1/Unc93b1/Batf2/Ccdc88b/Cd6/Slc15a3/Mpeg1/Dtx4/Lpxn/Anxa1/Dock8/Plpp6/Lipa/Hhex/Rbp4/Blnk/Pik3ap1/Calhm2/Gpam"
"GO:0008152","GO:0008152","metabolic process",1244,"1244/2778","St18/Eya1/Ly96/Mcm3/Gsta3/Atp6-ps/Ptpn18/Hs6st1/Neurl3/Ankrd23/Cox5b/Npas2/Il1rl1/Fhl2/Slc40a1/Cdk15/Cd28/Ndufs1/Fzd5/Akr1cl/Rpe/Bard1/Fn1/Slc11a1/Prkag3/Mogat1/Slc19a3/Pid1/Sp110/A630001G21Rik/Itm2c/Inpp5d/Ramp1/Klhl30/Per2/Ndufa10/Gpc1/Bok/Pam/Tnfrsf11a/Serpinb8/Inhbb/Zranb3/Mcm6/Cxcr4/Il10/Rassf5/Ikbke/Rab7b/Pm20d1/Rab29/Cdk18/Nuak2/Tmcc2/Cntn2/Prelp/Btg2/Adora1/Ube2t/Ptpn7/Pkp1/Kif14/Ptprc/Pla2g4a/Ptgs2/Ivns1abp/Niban1/Ncf2/Npl/Glul/Ier5/Soat1/Fmo4/Fmo1/Mpc2/Adcy10/Sh2d1b1/Fcgr2b/Fcgr4/Fcgr3/Fcer1g/Adamts4/Ly9/Cd84/Slamf9/Slamf8/Aim2/Ifi214/Ifi209/Spta1/Exo1/Sccpdh/Ephx1/Dusp10/Mtarc1/Cenpf/Batf3/Atf3/Nek2/Hsd11b1/Mcm10/Camk1d/Atp5f1c/Itih5/Prkcq/Vim/Pip4k2a/Il1rn/Uap1l1/Ptgds/Bmyc/Card9/Agpat2/Slc2a6/Ak8/Trub2/Prrx2/Ptges/Uck1/Bbln/Ptges2/Slc25a25/St6galnac4/St6galnac6/Niban2/Traf1/Nek6/Tnfaip6/Gpd2/B3galt1/Nostrin/Dhrs9/Klhl41/Pdk1/Atp5mc3/Ttn/Serping1/Ube2l6/Aplnr/Ptprj/Mtch2/Spi1/Mdk/Dgkz/Creb3l1/Mapk8ip1/Accsl/Hsd17b12/Ldlrad3/Cd44/Pdhx/Lmo2/Mettl15/Fmn1/Actc1/Rasgrp1/Thbs1/Bub1b/Plcb2/Rad51/Ehd4/Epb42/Map1a/Duoxa1/Gatm/Mtln/Bub1/Acoxl/Bcl2l11/Il1b/Sirpa/Idh3b/Siglec1/Adissp/Smox/Sptlc3/Snx5/Cst3/Entpd6/Trib3/Mcts2/Tpx2/Mylk2/Hck/E2f1/Trp53inp2/Acss2/Samhd1/Lbp/Fam83d/Mafb/Mybl2/Jph2/Ada/Ube2c/Neurl2/Ctsa/Pltp/Cd40/Slc2a10/Prex1/Ddx27/B4galt5/Nfatc2/Cass4/Ctsz/Eef1a2/Was/Cybb/Mid1ip1/Sash3/Elf4/Aifm1/Fmr1/Nsdhl/Slc6a8/Renbp/Flna/Dnase1l1/Dkc1/Dmd/Pcyt1b/Il2rg/Cxcr3/Ercc6l/Cox7b/Hmgn5/Srpx2/Btk/Gla/Bex3/Rnf128/Prps1/Amot/Apex2/Alas2/Pfkfb1/Tro/Klf8/Sms/Pdha1/Car5b/Asb11/Tmsb4x/Tlr8/Tlr7/Prps2/Pkia/Fabp5/Cpa3/Ect2/Nceh1/Skil/Usp13/Ccna2/Noct/Mgst2/Postn/P2ry1/Ptx3/Trim59/Bche/Fnip2/Tlr2/Kirrel1/Cd5l/Iqgap3/Fdps/Pbxip1/Pmvk/S100a8/Rorc/Ctsk/Ctss/Ecm1/Ciart/Hjv/Lix1l/Acp6/Hmgcs2/Tent5c/Cd2/Atp1a1/Ngf/Ampd1/Ptpn22/Cttnbp2nl/Gclm/Synpo2/Enpep/Elovl6/Cenpe/Manba/Ccn1/Ddah1/Mcoln2/Ptger3/Cth/Lyn/Coq3/Rragd/Car9/Melk/Aldh1b1/Nans/Galnt12/Cavin4/Mexis/Svep1/Lpar1/Snx30/Mup2/Mup1/Mup11/Mup3/Alad/Aldoart1/Ptprd/Hacd4/Jun/Dnajc6/Pde4b/Dhcr24/Echdc2/Cdkn2c/Skint3/Stil/Rad54l/Lurap1/Mutyh/B4galt2/Cdc20/Clspn/Trim62/Ak2/Serinc2/Laptm5/Sesn2/Atp5if1/Ptafr/Fgr/Rps6ka1/Trim63/Man1c1/Nipal3/Cnr2/Gale/E2f2/Tcea3/Aldh4a1/Padi2/Mfap2/Dhrs3/Tnfrsf1b/Zfp992/Mthfr/Pgd/Pik3cd/Slc25a33/Eno1/Per3/Chd5/Kcnab2/C1qtnf12/Isg15/Perm1/Cyp51/Gsap/Nos3/Atg9b/Insig1/Slc5a6/Spon2/Tacc3/Nat8l/Poln/Zfyve28/Htra3/Man2b2/Wfs1/Bst1/Sod3/Tlr1/Tlr6/Fam114a1/Limch1/Tec/Stap1/Dck/Pf4/Stbd1/Bmp3/Gpat3/Spp1/Abcg3/Hfm1/Atp5me/Crlf2/Gm35315/Galnt9/Sez6l/Coro1c/Acacb/Cit/Taok3/Ksr2/Oas1c/Oas1g/Oas1a/Aldh2/Cux2/P2rx7/Hpd/Ccdc62/Vps37b/Kmt5a/Aacs/Psph/Gusb/Ncf1/Mlxipl/Sh2b2/Serpine1/Ufsp1/Fam20c/Amz1/Gna12/Card11/Actb/Daglb/Rasl11a/Alox5ap/Hsph1/Tfpi2/Pon1/Asb4/Slc25a13/Ppp1r3a/Mdfic/Tfec/Met/Ndufa5/Lep/Hilpda/Irf5/Tspan33/Klf14/Akr1b7/Bpgm/Creb3l2/Tbxas1/Rarres2/Gpnmb/Cycs/Tril/Mturn/Adcyap1r1/Pyurf/Snca/Hpgds/Tnip3/Gadd45a/St3gal5/Hk2/H1f10/Mcm2/Klf15/Aldh1l1/Hdac11/Gxylt2/Bhlhe40/Fancd2/Hrh1/Cand2/Depp1/Ret/Apobec1/Dppa3/C3ar1/Clec4a3/Clec4a4/Clec4a2/Clstn3/Ptpn6/Cdca3/Pianp/Lpar5/Gapdh/Rad51ap1/Foxm1/Clec7a/Olr1/Ptpro/Gys2/Bcat1/Bhlhe41/Pirb/Sbk2/Peg3/Usp29/Lig1/C5ar2/C5ar1/Hif3a/Rtn2/Fosb/Ckm/Apoc1/Bcl3/Kcnn4/Plaur/Ethe1/Pou2f2/Pafah1b3/Tgfb1/Cyp2f2/Pld3/Rps16/Map4k1/Tyrobp/Hcst/Nfkbid/Hspb6/Cd22/Dpy19l3/Ccnb1-ps/Klk8/Napsa/Rcn3/Cd37/Hrc/Gys1/Car11/Dbp/Ldha/E2f8/Adamts17/Arrdc4/Ntrk3/Ticrr/Anpep/Zfp710/Fes/Iqgap1/Homer2/Prcp/Thrsp/Aqp11/Pak1/Capn5/Acer3/Lrrc32/Wnt11/Dgat2/Mogat2/Arrb1/Ucp2/Dnajb13/P2ry6/Arap1/Art2a/Rhog/Hbb-bt/Hbb-b1/Cyb5r2/Nlrp10/Ric3/Adm/Mical2/Bmal1/Spon1/Xylt1/Coq7/Gde1/Acsm5/Acsm3/Rexo5/Uqcrc2/Ndufab1/Plk1/Chp2/Prkcb/Sbk1/Sult1a1/Aldoa/Tlcd3b/Kif22/Spn/Sephs2/Ctf1/Pycard/Itgam/Itgax/Cox6a2/Htra1/Ptpre/Adam8/Fuom/Paox/Cyp2e1/Taldo1/Dusp8/Tnni2/H19/Kcnq1/Ccnd1/Tpcn2/Akap12/Ulbp1/Zc3h12d/Sash1/Fuca2/Mtfr2/Eya4/Vnn1/Enpp1/Arg1/Echdc1/Rnf217/Ddo/Cd24a/Prdm1/Lilrb4b/Lilrb4a/Gja1/Pkib/Smpdl3a/Psap/Vsir/Pcbd1/Ppa1/Egr2/Cdk1/Mmp11/Chchd10/Prmt2/S100b/Lss/Col6a1/Itgb2/Pfkl/Cstb/Fstl3/Cfd/Cnn2/Pcsk4/Gadd45b/Matk/Pip5k1c/Tle6/Nuak1/Stab2/Ascl1/Parpbp/Chpt1/Ndufa12/Acss3/Ptprq/Trhde/Tph2/Cpm/Hmga2/Ppm1h/Agap2/B4galnt1/Stat6/Nab2/Cs/Tmt1b/Retn/Irs2/F7/F10/Cln8/Ckap2/Ank1/Tcim/Htra4/Ddhd2/Bag4/Ppp1r3b/Msr1/Cyp4v3/Acsl1/Asb5/Hpgd/Galnt7/Marchf1/Atp6v1b2/Comp/Gdf15/Jund/Slc27a1/Cyp4f18/Hmox1/Mcm5/Gapdhrt2/Tecr/Il27ra/Lyl1/Dnase2a/Junb/Man2b1/Adcy7/Nkd1/Cx3cl1/Dpep2/Pla2g15/Cyb5b/Lncbate1/Ldhd/Nudt7/Plcg2/Irf8/Slc7a5/Cyba/Mvd/Cdt1/Aprt/Galns/Acta1/Pdhb/Acox2/Nr1d2/Myoz1/Plau/Adk/Zfp503/Chdh/Tkt/Prkcd/Mustn1/Itih4/Ogdhl/Wdfy4/Shld2/Ptger2/Samd4/Lgals3/Slc7a7/Mmp14/Fitm1/Ripk3/Cma1/Mcpt4/Il17d/Sgcg/Ctsb/Pbk/Esco2/Slc25a37/Egr3/Hr/Gfra2/Epsti1/Diaph3/Acod1/Mycbp2/Dct/Mmp13/Mmp12/Sesn3/Fut4/Panx1/S1pr2/Icam1/Ldlr/Angptl8/St14/Slc37a2/Hspa8/Ubash3b/Sorl1/Sc5d/Trim29/Abcg4/Atp5mg/Il10ra/Apoc3/Cadm1/Pts/Dlat/Rab39/Cspg4/Cox5a/Hexa/Pkm/Cilp/Pclaf/Aph1c/Aldh1a2/Klhl31/Gsta4/Cgas/Cd109/Ttk/Me1/Bcl2a1d/Ctsh/Plscr1/Pxylp1/Spsb4/Nmnat3/Rbp1/Tlr9/Alas1/Ifrd2/Traip/Gpx1/Pfkfb4/Pth1r/Glb1/Abhd5/Ccr1/Ccr5/Dusp18/Pgam2/Gck/Tns3/Ikzf1/Fignl1/Plek/Mdh1/Pus10/Rel/Sptbn1/Chac2/Hba-a1/Sh3pxd2b/Stk10/Lcp2/Slit3/Pank3/Hmmr/Cyfip2/Havcr2/Trim7/Gm5431/Gm12185/9930111J21Rik1/Tgtp1/Tgtp2/Ifi47/Uqcrq/Rad50/Tnip1/Obscn/Nlrp3/Pemt/Srebf1/Mfap4/Adora2b/Trpv2/Hs3st3b1/Myh8/Pik3r5/Aurkb/Tnfsf12/Tnk1/Ybx2/Slc2a4/Arrb2/Zmynd15/Eno3/Scimp/Nlrp1a/Nlrp1b/Atp2a3/Emc6/Shpk/Trpv1/Aspa/Serpinf1/Rilp/Traf4/Ccl2/Unc45b/Slfn9/Slfn8/Slfn2/Ccl5/Ccl3/Ccl4/Acaca/Gdpd1/Trim25/Nog/Hlf/Tob1/Rsad1/Acsf2/Eme1/Cisd3/Grb7/Rara/Top2a/Ccr7/Jup/Acly/Dhx58/Atp6v0a1/Coasy/Mlx/Brca1/Tmem106a/Meox1/Dusp3/Hrob/Slc4a1/Grn/Mrc2/Pitpnc1/Map2k6/Cd300a/Cd300ld/Cd300c2/Cd300ld3/Armc7/Trim47/Ten1/Ube2o/Tk1/Birc5/Socs3/C1qtnf1/Actg1/Slc25a10/Pcyt2/Pycr1/Hmga1b/Fasn/Slc16a3/Fn3k/Akr1c12/Idi1/Gpr137b/Nkapl/H2ac13/H2ac15/H1f5/H2ac22/H2ac23/H2ac24/H2ac12/H2ac11/H2ac10/H3c6/H2ac7/H2ac6/H2ac4/H1f1/Gmnn/Sox4/Uqcrfs1/Mylk4/Serpinb6b/Serpinb9b/Serpinb6a/Gcnt2/Nedd9/Cd83/Gmpr/Tpmt/Sema4d/Syk/Sfxn1/Hk3/Rgs14/Tifab/Klhl3/Ctsl/Cdk20/Adamts16/Cox7c/Ckmt2/Enc1/Naip2/Naip5/Naip6/Naip1/Ccnb1/Pik3r1/Rnf180/Gapt/Plk2/Gzma/Ndufs4/Isl1/Parp8/Efr3b/Lpin1/Rrm2/Id2/Rsad2/Sh3yl1/Dld/Pik3cg/Nampt/Ifrd1/Immp2l/Lrrn3/L2hgdh/Pygl/Dhrs7/Hspa2/Sptb/Rdh11/Actn1/Acot4/Fos/Tgfb3/Fbln5/Lgmn/Asb2/Ifi27/Serpina3b/Serpina3i/Serpina3j/Serpina3m/Ckb/Aspg/Adss1/Pld4/Crip1/Ptger4/Dab2/Il7r/Npr3/Basp1/Retreg1/Cox6c/Angpt1/Ndufb9/Sqle/Cyc1/Dgat1/Recql4/Pvalb/Ncf4/Rac2/Gcat/Mrtfa/Tef/Pmm1/Nfam1/Pnpla5/Pnpla3/Cerk/Plxnb2/Slc38a1/Endou/Gpd1/Galnt6/Acvr1b/Nr4a1/Espl1/Itga5/Nckap1l/Ppp1r1a/Abat/Ciita/Socs1/Sdf2l1/Prodh/Cldn5/Cyp2ab1/Clcn2/Ephb3/Igf2bp2/Etv5/St6gal1/Masp1/Trp63/P3h2/Apod/Nrros/Fbxo45/Tnk2/Parp14/Cd86/Eaf2/Hcls1/Polq/Cd80/Cd200r1/St3gal6/Vgll3/Gbe1/Samsn1/App/Adamts5/Runx1/Cbr3/Chaf1b/Ripk4/Zdhhc14/Synj2/Rps6ka2/Mpc1/Agpat4/Pnldc1/Acat2/Ccnf/Abca17/Rpl3l/Fahd1/Chtf18/Nme4/Hmga1/Fkbp5/Abcg1/Cbs/Cyp4f39/H2-DMa/H2-DMb2/H2-DMb1/Gpsm3/Cfb/Hspa1b/Hspa1a/Aif1/Tnf/Ubd/H2-M3/Tnfrsf21/Pla2g7/Runx2/Nfkbie/Capn11/Trerf1/Trem1/Trem2/Nfya/Apobec2/Rftn1/Plcl2/Slc5a7/Uhrf1/Ptprs/Rfx2/C3/Vav1/Nudt12/Tgif1/Myom1/Lbh/Ehd3/Nlrc4/Qpct/Cdkl4/Slc8a1/Prkce/Nrxn1/Gapdh-ps15/B4galt6/Cdc25c/Egr1/Sting1/Hbegf/Apbb3/Diaph1/Gnpda1/Spry4/Ticam2/Cdo1/Eno1b/Lox/Zfp608/Marchf3/Cd74/Camk2a/Csf1r/Alpk2/Pmaip1/Mc5r/Mc2r/Lipg/Cndp2/Cd226/Cpt1a/Tcirg1/Aldh3b1/Unc93b1/Aldh3b3/Aldh3b2/Pcx/Rce1/Top6bl/Ctsf/Actn3/Npas4/Tm7sf2/Cdca5/Batf2/Pygm/Ccdc88b/Slc3a2/Bscl2/Fads2/Fads1/Cd6/Dtx4/Fam111a/Anxa1/Aldh1a7/Apba1/Fxn/Plpp6/Rcl1/Lipf/Stambpl1/Acta2/Lipa/Ppp1r3c/Hhex/Myof/Rbp4/Pdlim1/Aldh18a1/Entpd1/Blnk/Sfrp5/Got1/Scd3/Scd2/Scd4/Scd1/Sfxn3/Sh3pxd2a/Dusp5/Gpam/Afap1l2/ND1/COX1/COX2/ATP8/ATP6/COX3/ND3/ND4L/ND4/ND5/ND6/CYTB"
"GO:0009987","GO:0009987","cellular process",1819,"1819/2778","St18/Eya1/Ly96/Mcm3/Gsta3/Atp6-ps/Ptpn18/Hs6st1/Neurl3/Ankrd23/Cox5b/Npas2/Il1rl1/Slc9a4/Fhl2/Slc40a1/Sgo2a/Cdk15/Cd28/Nrp2/Ndufs1/Fzd5/Akr1cl/Rpe/Bard1/Fn1/Arpc2/Slc11a1/Prkag3/Mogat1/Ap1s3/Slc19a3/Pid1/Sp110/A630001G21Rik/Itm2c/Inpp5d/Arl4c/Ramp1/Per2/Ndufa10/Gpc1/Gpr35/Bok/Pam/Tnfrsf11a/Serpinb8/Inhbb/Tmem37/Marco/Zranb3/Mcm6/Cxcr4/Il10/Rassf5/Ikbke/Rab7b/Pm20d1/Rab29/Cdk18/Nuak2/Cntn2/Prelp/Btg2/Adora1/Ppfia4/Ube2t/Ptpn7/Nav1/Pkp1/Kif21b/Kif14/Ptprc/Aspm/Rgs1/Rgs18/Pla2g4a/Ptgs2/Ivns1abp/Niban1/Ncf2/Npl/Glul/Cacna1e/Ier5/Soat1/Myoc/Fmo4/Fmo1/Dpt/Mpc2/Adcy10/Nuf2/Sh2d1b1/Nos1ap/Fcgr2b/Fcgr4/Fcgr3/Fcer1g/Adamts4/Arhgap30/Ly9/Slamf7/Cd48/Cd84/Pea15a/Casq1/Slamf9/Igsf9/Tagln2/Slamf8/Aim2/Ifi214/Ifi209/Spta1/Exo1/Cnst/Sccpdh/Ephx1/Dusp10/Mtarc1/Cenpf/Nsl1/Batf3/Atf3/Nek2/Lamb3/Hsd11b1/Mcm10/Camk1d/Sec61a2/Atp5f1c/Prkcq/Vim/Mrc1/Pip4k2a/Apbb1ip/Il1rn/Psd4/Cacna1b/Uap1l1/Ptgds/Bmyc/Card9/Agpat2/Slc2a6/Spaca9/Ak8/Trub2/Cercam/Prrx2/Ptges/Ncs1/Hmcn2/Uck1/Bbln/Ptges2/Slc25a25/St6galnac4/St6galnac6/Niban2/Traf1/Nek6/Tnfaip6/Neb/Gpd2/Cytip/Grb14/Xirp2/B3galt1/Nostrin/Spc25/Dhrs9/Klhl41/Pdk1/Wipf1/Chn1/Atp5mc3/Ttn/Itga4/Slc43a1/Rtn4rl2/Aplnr/Ptprj/Mtch2/Spi1/Mdk/Dgkz/Creb3l1/Pex16/Frey1/Mapk8ip1/Hsd17b12/Lrrc4c/Ldlrad3/Cd44/Pdhx/Abtb2/Lmo2/Depdc7/Mettl15/Fmn1/Arhgap11a/Actc1/Rasgrp1/Thbs1/Gpr176/Bub1b/Plcb2/Knstrn/Knl1/Rad51/Nusap1/Sptbn5/Ehd4/Epb42/Map1a/Duoxa1/Gatm/Atp8b4/Ncaph/Mtln/Bub1/Acoxl/Bcl2l11/Fbln7/Il1b/Sirpa/Idh3b/Siglec1/Adissp/Sptlc3/Snx5/Ralgapa2/Cd93/Cst3/Entpd6/Fam110a/Trib3/Rem1/Mcts2/Tpx2/Mylk2/Hck/E2f1/Trp53inp2/Acss2/Samhd1/Nnat/Lbp/Fam83d/Mafb/Mybl2/Jph2/Ada/Rims4/Ube2c/Neurl2/Ctsa/Pltp/Cd40/Slc13a3/Slc2a10/Prex1/Ddx27/B4galt5/Nfatc2/Cass4/Pmepa1/Ctsz/Sycp2/Eef1a2/Syp/Kcnd1/Was/Cybb/Mid1ip1/Gpr34/Slc9a7/Rp2/Syn1/Cfp/Dock11/Slc25a43/Sash3/Elf4/Aifm1/Arhgef6/Fgf13/Fmr1/Nsdhl/Xlr4b/Haus7/Dusp9/Slc6a8/Arhgap4/Renbp/Flna/Dkc1/Dmd/Pcyt1b/Apoo/Kif4/Il2rg/Cxcr3/Ercc6l/Cox7b/Tlr13/Cysltr1/P2ry10/P2ry10b/Hmgn5/Gm6377/Srpx2/Cenpi/Btk/Gla/Bex3/Rnf128/Prps1/Kcne5/Chrdl1/Amot/Apex2/Alas2/Pfkfb1/Tro/Klf8/Ptchd1/Pdha1/Nhs/Reps2/Car5b/Asb11/Tmsb4x/Tlr8/Tlr7/Prps2/Mid1/Pkia/Tpd52/Fabp5/Sirpb1a/Sirpb1b/Sirpb1c/Gm5150/Cp/Ect2/Nceh1/Slc2a2/Skil/Usp13/Anxa5/Ccna2/Nudt6/Noct/Mgst2/Postn/Igsf10/P2ry1/Ptx3/Trim59/Bche/Fnip2/Tmem144/Glrb/Tlr2/Fhdc1/Kirrel1/Fcrl2/Cd5l/Iqgap3/Tmem79/Fdps/Pbxip1/Pmvk/Dennd4b/S100a4/S100a6/S100a8/S100a11/Rorc/Tmod4/Tnfaip8l2/Ctsk/Ctss/Ecm1/Ciart/BC028528/Plekho1/Sv2a/H2bc21/Fcgr1/Hjv/Lix1l/Acp6/Hmgcs2/Tent5c/Cd2/Atp1a1/Ngf/Ampd1/Ptpn22/Rhoc/Cttnbp2nl/Cd53/Sypl2/Gpsm2/Slc25a24/Vav3/Gclm/Synpo2/Sec24d/Tifa/Enpep/Elovl6/Mcub/Cenpe/Ddit4l/Ccn1/Ddah1/Syde2/Mcoln2/Ptger3/Cth/Lyn/Gem/Atp6v0d2/Coq3/Ndufaf4/Rragd/Gabrr2/Enho/Cntfr/Arhgef39/Car9/Tpm2/Tln1/Glipr2/Melk/Frmpd1/Stra6l/Nans/Gabbr2/Galnt12/Cavin4/Mexis/Svep1/Lpar1/Snx30/Mup2/Mup1/Mup11/Mup3/Alad/Aldoart1/Ptprd/Hacd4/Elavl2/Jun/Dnajc6/Pde4b/Dhcr24/Echdc2/Cdkn2c/Skint3/Stil/Rad54l/Lurap1/Mutyh/Ptch2/Tmem53/B4galt2/Cdc20/Fhl3/Cdca8/Csf3r/Oscp1/Sh3d21/Clspn/Trim62/Ak2/Nhsl3/Marcksl1/Col16a1/Serinc2/Sdc3/Laptm5/Sesn2/Atp5if1/Ptafr/Themis2/Fgr/Sytl1/Rps6ka1/Sh3bgrl3/Trim63/Stmn1/Man1c1/Clic4/Nipal3/Cnr2/Gale/E2f2/Tcea3/C1qb/C1qc/C1qa/Aldh4a1/Arhgef10l/Padi2/Mfap2/Fblim1/Dhrs3/Tnfrsf1b/Zfp992/Mthfr/Pgd/Pik3cd/Slc25a33/Slc2a5/Eno1/Per3/Chd5/Kcnab2/Mxra8/C1qtnf12/Isg15/Perm1/Cyp51/Steap2/Abcb4/Nos3/Atg9b/Insig1/Kcnk3/Cenpa/Slc5a6/Spon2/Tacc3/Nat8l/Poln/Haus3/Zfyve28/Sh3bp2/Htra3/Wfs1/Bst1/Ncapg/Sod3/Rell1/Tlr1/Tlr6/Fam114a1/Rhoh/Limch1/Tec/Stap1/Dck/Rassf6/Pf4/Cxcl2/Btc/Stbd1/Septin11/Bmp3/A930011G23Rik/Gpat3/Arhgap24/Spp1/Abcg3/Hfm1/Atp5me/Crlf2/Gm35315/Galnt9/Sez6l/Myo18b/Selplg/Coro1c/Acacb/Gltp/Oasl1/Cit/Taok3/Ksr2/Oas1c/Oas1g/Oas1a/Aldh2/Cux2/P2rx7/Tmem120b/Rhof/Hpd/Kntc1/Ccdc62/Vps37b/Kmt5a/Aacs/Psph/Gusb/Ncf1/Clip2/Lat2/Eln/Mlxipl/Rasa4/Sh2b2/Serpine1/Ufsp1/Pilra/Pilrb1/Fam20c/Micall2/Snx8/Ttyh3/Gna12/Card11/Actb/Daglb/Rasl11a/Alox5ap/Hsph1/Hepacam2/Tfpi2/Peg10/Pon1/Asb4/Slc25a13/Ppp1r3a/Mdfic/Tfec/Tes/Met/Cadps2/Ndufa5/Lep/Hilpda/Irf5/Tspan33/Strip2/Klf14/Akr1b7/Bpgm/Creb3l2/Tbxas1/Clcn1/Zyx/Sspo/Rarres2/Tmem176a/Gpnmb/Cycs/Tril/Chn2/Mturn/Adcyap1r1/Pyurf/Snca/Hpgds/Tnip3/Ndnf/Gadd45a/St3gal5/Capg/Tmsb10/Mtrnr2l7/Hk2/Dok1/Rab11fip5/Arhgap25/H1f10/Podxl2/Mcm2/Plxna1/Klf15/Aldh1l1/Slc41a3/Nup210/Hdac11/Fbln2/Lmod3/Gxylt2/Bhlhe40/Srgap3/Fancd2/Hrh1/Syn2/Cand2/Plxnd1/Rassf4/Depp1/Ret/Slc6a13/Apobec1/Dppa3/Slc2a3/C3ar1/Clec4a3/Clec4a4/Clec4b1/Clec4a2/Clec4d/Clstn3/Ptpn6/Cdca3/Pianp/Lpar5/Gapdh/Cd9/Rad51ap1/Foxm1/Klrb1a/Klrb1b/Clec12a/Clec7a/Olr1/Emp1/Grin2b/Arhgdib/Ptpro/Slc15a5/Gys2/Bcat1/Irag2/Lmntd1/Bhlhe41/Bicd1/Cacng6/Pirb/Pira1/Pira6/Pira2/Pira11/Lilra6/Lair1/Tnnt1/Sbk2/Peg3/Usp29/Lig1/C5ar2/C5ar1/Slc1a5/Ptgir/Hif3a/Rtn2/Fosb/Ckm/Apoc1/Bcl3/Kcnn4/Plaur/Ethe1/Pou2f2/Tgfb1/Cyp2f2/Pld3/Rps16/Gmfg/Rinl/Map4k1/Ryr1/Kcnk6/Sdhaf1/Tyrobp/Hcst/Nfkbid/Hspb6/Cd22/Fxyd5/Dpy19l3/Ccnb1-ps/Cd33/Klk8/Mybpc2/Rcn3/Cd37/Hrc/Ppfia3/Gys1/Car11/Dbp/Kcnj14/Emp3/Ldha/E2f8/Adamts17/Arrdc4/Mctp2/Fam174b/Ntrk3/Mfge8/Ticrr/Pex11a/Anpep/Zfp710/Prc1/Fes/Iqgap1/Homer2/Mex3b/Ddias/Prcp/Thrsp/Aqp11/Pak1/Acer3/Lrrc32/Wnt11/Dgat2/Mogat2/Map6/Arrb1/Ucp2/Dnajb13/P2ry6/Arap1/Art2a/Folr2/Rhog/Hbb-bt/Hbb-b1/Dchs1/Nlrp10/Ric3/Adm/Mical2/Bmal1/Spon1/Plekha7/Xylt1/Coq7/Gde1/Acsm5/Acsm3/Rexo5/Uqcrc2/Ndufab1/Plk1/Chp2/Prkcb/Il21r/Sbk1/Atp2a1/Sult1a1/Coro1a/Aldoa/Tlcd3b/Kif22/Spn/Sephs2/Itgal/Ctf1/Pycard/Itgam/Itgax/Itgad/Cox6a2/Rgs10/Htra1/Ptpre/Mki67/Adam8/Fuom/Or13a25/Or13a17/Or13a26/Cyp2e1/Taldo1/Dusp8/Tnni2/Tnnt3/H19/Tspan32/Kcnq1/Mrgpre/Ccnd1/Tpcn2/Akap12/Ulbp1/Zc3h12d/Sash1/Pex3/Abracl/Arfgef3/Mtfr2/H60b/Slc2a12/Eya4/Vnn1/Enpp1/Arg1/Akap7/Arhgap18/Echdc1/Trdn/Calhm5/Ddo/Cd24a/Prdm1/Popdc3/Lilrb4b/Lilrb4a/Gja1/Pkib/Smpdl3a/Psap/Vsir/Pcbd1/Ppa1/Egr2/Cdk1/Mmp11/Chchd10/Prmt2/S100b/Lss/Col6a2/Col6a1/Col18a1/Itgb2/Pfkl/Cstb/Shc2/Fstl3/Cfd/Kiss1r/Cnn2/Arhgap45/Pcsk4/Reep6/Mob3a/Jsrp1/Gadd45b/Matk/Pip5k1c/Gna15/Tle6/Slc41a2/Nuak1/Stab2/Ascl1/Parpbp/Chpt1/Gas2l3/Ndufa12/Plxnc1/Ppfia2/Ptprq/Nap1l1/Trhde/Tph2/Lyz2/Lyz1/Cpm/Hmga2/Rassf3/Ppm1h/Agap2/B4galnt1/Arhgap9/Stac3/Stat6/Nab2/Cs/Gdf11/Retn/Shcbp1/Irs2/Rab20/F7/F10/Cln8/Myom2/Ckap2/Ap3m2/Ank1/Tcim/Htra4/Plekha2/Ddhd2/Bag4/Rab11fip1/Ppp1r3b/Mfhas1/Msr1/Cyp4v3/Pdlim3/Acsl1/Cldn24/Asb5/Hpgd/Galnt7/Palld/Slc18a1/Atp6v1b2/Gmip/Comp/Gdf15/Jund/Ifi30/Map1s/Haus8/Myo9b/Slc27a1/Cyp4f18/Tpm4/Tmem38a/Hmox1/Mcm5/Gapdhrt2/Arhgap10/Tecr/Adgre5/Il27ra/Lyl1/Dnase2a/Junb/Adcy7/Nkd1/Snx20/Mt2/Mt1/Ccl22/Cx3cl1/Cklf/Cmtm3/Pdp2/Rrad/Tppp3/Cenpt/Dpep2/Pla2g15/Lncbate1/Mtss2/Ldhd/Nudt7/Plcg2/Osgin1/Cotl1/Irf8/Slc7a5/Cyba/Mvd/Cdt1/Aprt/Galns/Ccsap/Acta1/Pdhb/Acox2/Cadps/Il3ra/Nr1d2/Gng2/Myoz1/Synpo2l/Plau/Adk/Zfp503/Lrtm1/Chdh/Cacna1d/Tkt/Prkcd/Mustn1/Ogdhl/3425401B19Rik/Vstm4/Wdfy4/Arhgap22/Shld2/Sncg/Grid1/Ptger2/Samd4/Lgals3/Dlgap5/Or4k6/Or4n4/Or4n4b/Or4m1/Or4q3/Slc7a7/Mmp14/Slc7a8/Fitm1/Ripk3/Cma1/Mcpt4/Il17d/Ska3/Shisa2/Sgcg/Arl11/Ctsb/Pbk/Esco2/Cdca2/Slc25a37/Egr3/Reep4/Hr/Dok2/Gfra2/Lcp1/Epsti1/Diaph3/Kctd12/Acod1/Mycbp2/Tpm3-rs7/Dct/Gpr183/Itgbl1/Fgf14/Mmp13/Mmp12/Sesn3/Fut4/Panx1/Fat3/S1pr2/Icam1/Ldlr/Spc24/Angptl8/Anln/St14/Kirrel3/Slc37a2/Hspa8/Ubash3b/Sorl1/Sc5d/Trim29/Abcg4/C2cd2l/Atp5mg/Mpzl2/Scn4b/Il10ra/Fxyd2/Apoc3/Cadm1/Dlat/Dixdc1/Arhgap20/Rab39/Nrg4/Pstpip1/Cspg4/Cox5a/Hexa/Pkm/Kif23/Zwilch/Cilp/Plekho2/Pclaf/Aph1c/Rab8b/Tpm1/Tln2/C2cd4a/Myo1e/Ccnb2/Aldh1a2/Tinag/Klhl31/Gsta4/Cgas/Cd109/Irak1bp1/Ttk/Tpbg/Me1/Bcl2a1d/Bcl2a1a/Bcl2a1b/Ctsh/Plscr1/Slc9a9/Pxylp1/Spsb4/Nmnat3/Rbp1/Ackr4/Tlr9/Alas1/Ifrd2/Traip/Bsn/Gpx1/Pfkfb4/Map4/Cspg5/Pth1r/Ccrl2/Cmtm7/Vill/Xirp1/Abhd5/Kif15/Ccr1/Ccr5/Dusp18/Slc35e4/Mtfp1/Pgam2/Gck/Myo1g/Tns3/Ikzf1/Fignl1/Plek/Slc1a4/Mdh1/Pus10/Rel/Sptbn1/Chac2/Hba-a1/Hba-a2/Sh3pxd2b/Stk10/Lcp2/Dock2/Insyn2b/Spdl1/Slit3/Pank3/Hmmr/Cyfip2/Havcr2/Gm5431/Gm12185/9930111J21Rik1/Tgtp1/Tgtp2/Ifi47/Uqcrq/Rad50/Tnip1/Anxa6/Slc36a2/Sparc/Obscn/Nlrp3/Pemt/Srebf1/Tnfrsf13b/Mfap4/Specc1/Adora2b/Trpv2/Mmgt2/Hs3st3b1/Shisa6/Myh2/Myh8/Myh13/Gas7/Glp2r/Pik3r5/Aurkb/Cd68/Tnfsf12/Tnk1/Ybx2/Slc2a4/Arrb2/Cxcl16/Zmynd15/Eno3/Scimp/Nlrp1a/Nlrp1b/Pimreg/Smtnl2/Atp2a3/Itgae/P2rx5/Emc6/Shpk/Trpv1/Trpv3/Aspa/Rap1gap2/Serpinf1/Tlcd2/Rilp/Abr/Traf4/Tlcd1/Spag5/Ccl2/Ccl7/Unc45b/Slfn2/Ccl5/Ccl9/Ccl6/Ccl3/Ccl4/Wfdc21/Acaca/Myo19/Gdpd1/Prr11/Trim25/Nog/Hlf/Tob1/Abcc3/Acsf2/Eme1/Arhgap23/Cisd3/Lasp1/Cacnb1/Stac2/Tcap/Grb7/Rara/Top2a/Tns4/Ccr7/Jup/Acly/Odad4/Dhx58/Atp6v0a1/Coasy/Mlx/Cntnap1/Ccr10/Vat1/Rnd2/Brca1/Tmem106a/Meox1/Dusp3/Mpp2/Hrob/Slc4a1/Grn/Kif18b/Fmnl1/Mrc2/Scn4a/Milr1/Pitpnc1/Abca9/Map2k6/Kcnj2/Kif19a/Cd300a/Cd300lb/Cd300ld/Cd300c2/Cd300ld2/Cd300ld4/Cd300ld3/Cd300lf/Armc7/Unc13d/Trim47/Ten1/Ube2o/Septin9/Tk1/Birc5/Socs3/C1qtnf1/Nptx1/Actg1/Slc25a10/Pcyt2/Pycr1/Hmga1b/Fasn/Ccdc57/Slc16a3/Fn3k/Metrnl/Akr1c12/Idi1/Ryr2/Gpr137b/Epdr1/Nkapl/H2ac13/H2ac15/H1f5/H2ac22/H2ac23/H2ac24/H2ac12/H2bc12/H2ac11/H2ac10/H3c6/H2ac7/H2ac6/H2ac4/H1f1/Gmnn/Sox4/Uqcrfs1/Mylk4/Serpinb6b/Serpinb9b/Serpinb6a/Tubb2a/Tubb2b/Ly86/Gcnt2/Nedd9/Cd83/Gmpr/Tpmt/Ninj1/Fgd3/Sema4d/Diras2/Syk/Sfxn1/Hrh2/Unc5a/Hk3/Rgs14/Pdlim7/Tifab/Klhl3/Ctsl/Cdk20/Adamts16/Mctp1/Cox7c/Ckmt2/Rasgrf2/Cmya5/Iqgap2/Enc1/Naip2/Naip5/Naip6/Naip1/Ccnb1/Pik3r1/Cd180/Depdc1b/Gapt/Plk2/Ccno/Gpx8/Gzma/Ndufs4/Isl1/Parp8/Emb/Efr3b/Fkbp1b/Sdc1/Lpin1/Ntsr2/Hpcal1/Rrm2/Id2/Rsad2/Sh3yl1/Fam110c/Dld/Pik3cg/Nampt/Ifrd1/Immp2l/Lrrn3/Mis18bp1/Pygl/Frmd6/Timm9/Gpr135/Dhrs7/Hspa2/Sptb/Tmem229b/Rdh11/Actn1/Acot4/Ltbp2/Fos/Tgfb3/Gpr65/Kcnk13/Gpr68/Fbln5/Lgmn/Asb2/Ifi27/Ifi27l2a/Evl/Tnfaip2/Ckb/Aspg/Adss1/Pld4/Gpr132/Crip2/Crip1/Tedc1/Ptger4/Dab2/Il7r/Npr3/Cdh9/Basp1/Retreg1/Cox6c/Dcstamp/Angpt1/Sybu/Mal2/Ndufb9/Sqle/Sla/Arc/Ly6h/Cyc1/Dgat1/Recql4/Arhgap39/Apol11a/Pvalb/Ncf4/Csf2rb2/Tst/Il2rb/Rac2/Cyth4/Gcat/Baiap2l2/Grap2/Fam83f/Mrtfa/Tef/Pmm1/Nfam1/Pnpla5/Pnpla3/Cerk/Tafa5/Plxnb2/Slc38a1/Endou/Racgap1/Gpd1/Bin2/Galnt6/Acvr1b/Nr4a1/Espl1/Itga5/Nckap1l/Ppp1r1a/Abat/Ciita/Socs1/Pkp2/Sdf2l1/P2rx6/Slc25a1/Prodh/Cldn5/Cyp2ab1/Clcn2/Ephb3/Igf2bp2/Etv5/St6gal1/Masp1/Trp63/P3h2/Apod/Nrros/Fbxo45/Tnk2/Parp14/Cd86/Eaf2/Hcls1/Fbxo40/Polq/Gpr156/Cd80/Cd200r1/Retnla/Cip2a/Filip1l/St3gal6/Vgll3/Gbe1/Samsn1/Ncam2/App/Adamts5/Tiam1/Mrap/Ifngr2/Runx1/Cbr3/Dop1b/Chaf1b/Kcnj15/Ripk4/Zdhhc14/Synj2/Rps6ka2/Mpc1/Agpat4/Pnldc1/Acat2/Thbs2/Tnfrsf12a/Ccnf/Abca17/Rpl3l/Fahd1/Jpt2/Chtf18/Metrn/Nme4/Hmga1/Fkbp5/Mdga1/Abcg1/Cbs/Rasal3/Cyp4f39/Myo1f/Kifc1/H2-DMa/H2-DMb2/H2-DMb1/H2-Ab1/H2-Aa/H2-Eb1/Gpsm3/Cfb/Hspa1b/Hspa1a/Clic1/Aif1/Lst1/Tnf/H2-Q10/Trim10/Ubd/H2-M3/Tnfrsf21/Pla2g7/Runx2/Nfkbie/Slc29a1/Trerf1/Trem1/Trem2/Nfya/Apobec2/Rftn1/Plcl2/Slc5a7/Adgre4/Ebi3/Uhrf1/Ptprs/Rfx2/C3/Vav1/Adgre1/Nudt12/Rab31/Tgif1/Myom1/Ndc80/Lbh/Ehd3/Nlrc4/Cdkl4/Slc8a1/Plekhh2/Prkce/Nrxn1/Gapdh-ps15/Ttc39c/B4galt6/Kif20a/Cdc25c/Egr1/Sting1/Hbegf/Apbb3/Pcdhb11/Pcdhb21/Pcdhb22/Diaph1/Gnpda1/Spry4/Dpysl3/Trim36/Ticam2/Cdo1/Eno1b/Lox/Zfp608/Marchf3/Synpo/Cd74/Camk2a/Csf1r/Alpk2/Pmaip1/Gnal/Tubb6/Mc5r/Mc2r/Lipg/Katnal2/Pard6g/Slc66a2/Cd226/Cpt1a/Tcirg1/Aldh3b1/Unc93b1/Aldh3b3/Aldh3b2/Gpr152/Pcx/Lrfn4/Rce1/Top6bl/Actn3/Npas4/Ltbp3/Cdca5/Batf2/Pygm/Ccdc88b/Fermt3/Slc3a2/Bscl2/Incenp/Rab3il1/Fads2/Fads1/Cd6/Slc15a3/Ms4a7/Ms4a6d/Mpeg1/Dtx4/Fam111a/Lpxn/Prune2/Anxa1/Aldh1a7/Apba1/Fxn/Dock8/Plpp6/Rcl1/Lipf/Stambpl1/Acta2/Lipa/Kif20b/Ppp1r3c/Kif11/Hhex/Myof/Cep55/Rbp4/Pdlim1/Aldh18a1/Entpd1/Blnk/Pik3ap1/Sfrp5/Crtac1/Got1/Scd3/Scd2/Scd4/Scd1/Sfxn3/Calhm2/Sh3pxd2a/Dusp5/Gpam/Nrap/Afap1l2/Shtn1/Csf2ra/ND1/COX1/COX2/ATP8/ATP6/COX3/ND3/ND4L/ND4/ND5/ND6/CYTB"
"GO:0016032","GO:0016032","viral process",42,"42/2778","Cxcr4/Ifi214/Ifi209/Siglec1/Fmr1/Ptx3/Trim59/Jun/Trim62/Isg15/Oasl1/Oas1c/Oas1g/Oas1a/Vps37b/Peg10/Mdfic/Bicd1/Tpcn2/Hmga2/Ctsb/Icam1/Hspa8/Plscr1/Rad50/Ccl5/Ccl3/Trim25/Top2a/Cd300ld/Cd300lf/Naip5/Rsad2/Ciita/Jpt2/Tnf/Trim10/Cd74/Csf1r/Pcx/Slc3a2/Fam111a"
"GO:0022414","GO:0022414","reproductive process",179,"179/2778","Mcm3/Sgo2a/Fzd5/Bok/Inhbb/Mcm6/Cxcr4/Aspm/Pla2g4a/Ptgs2/Cacna1e/Adcy10/Nuf2/Exo1/Nek2/Ptgds/Spaca9/Tnfaip6/Grb14/Mdk/Frey1/Cd44/Knl1/Rad51/Ncaph/Bcl2l11/Il1b/Ada/Pltp/Sycp2/Xlr4b/Flna/Dmd/Pcyt1b/Skil/Anxa5/P2ry1/Ptx3/Glrb/Cenpe/Cntfr/Dhcr24/Rad54l/Cdc20/Ptafr/Clic4/Chd5/Cyp51/Nos3/Hfm1/Cit/Ccdc62/Serpine1/Met/Lep/Chn2/Adcyap1r1/Hpgds/Mcm2/Fancd2/Cd9/Rad51ap1/Arhgdib/Irag2/Fosb/Plaur/Pafah1b3/Tgfb1/E2f8/Mfge8/Ddias/Arrb1/Dnajb13/Folr2/Adm/Bmal1/Plk1/Aldoa/Mki67/Fuom/H19/Ccnd1/Ddo/Prdm1/Gja1/Psap/Col6a1/Pcsk4/Tle6/Hmga2/B4galnt1/Retn/Hpgd/Mcm5/Junb/Adcy7/Nkd1/Tppp3/Or4m1/Mmp14/Ska3/Ctsb/Acod1/Mmp12/Icam1/St14/Hspa8/Cadm1/Hexa/Ccnb2/Ttk/Tlr9/Pgam2/Fignl1/Sh3pxd2b/Slit3/Havcr2/Rad50/Shisa6/Ybx2/Arrb2/Zmynd15/Serpinf1/Ccl2/Nog/Eme1/Rara/Top2a/Dusp3/Hrob/Grn/Map2k6/Birc5/Nkapl/H1f1/Serpinb6a/Tifab/Ctsl/Adamts16/Lhfpl2/Ccnb1/Sdc1/Dld/Immp2l/Hspa2/Fos/Ptger4/Angpt1/Slc38a1/Endou/Racgap1/Acvr1b/Espl1/Itga5/Abat/Etv5/Trp63/Tnk2/Eaf2/Cip2a/App/Runx1/Rps6ka2/Pnldc1/Chtf18/Hmga1/Cbs/Hspa1b/Rfx2/C3/Ndc80/Cdc25c/Egr1/Gnpda1/Trim36/Top6bl/Bscl2/Incenp/Rbp4"
"GO:0032501","GO:0032501","multicellular organismal process",989,"989/2778","Eya1/Ly96/Gsta3/Ptpn18/Hs6st1/Npas2/Il1rl1/Slc9a4/Fhl2/Slc40a1/Cd28/Nrp2/Fzd5/Fn1/Slc11a1/Prkag3/Itm2c/Inpp5d/Ramp1/Per2/Gpc1/Gpr35/Bok/Tnfrsf11a/Inhbb/Marco/Cxcr4/Il10/Rassf5/Ikbke/Rab7b/Pm20d1/Rab29/Cdk18/Cntn2/Btg2/Adora1/Nav1/Pkp1/Kif21b/Kif14/Ptprc/Aspm/Pla2g4a/Ptgs2/Ncf2/Glul/Cacna1e/Soat1/Myoc/Fmo4/Fmo1/Adcy10/Sh2d1b1/Nos1ap/Fcgr2b/Fcgr4/Fcgr3/Fcer1g/Ly9/Slamf7/Cd48/Cd84/Casq1/Slamf9/Igsf9/Slamf8/Aim2/Ifi214/Ifi209/Spta1/Exo1/Dusp10/Batf3/Nek2/Lamb3/Hsd11b1/Camk1d/Prkcq/Vim/Apbb1ip/Il1rn/Cacna1b/Ptgds/Bmyc/Card9/Agpat2/Ak8/Prrx2/Ptges/Ncs1/Bbln/Slc25a25/Niban2/Tnfaip6/Neb/Gpd2/Xirp2/Chn1/Ttn/Itga4/Serping1/Rtn4rl2/Aplnr/Ptprj/Mtch2/Spi1/Mdk/Creb3l1/Mapk8ip1/Lrrc4c/Cd44/Lmo2/Fmn1/Actc1/Rasgrp1/Thbs1/Gpr176/Plcb2/Epb42/Map1a/Duoxa1/Gatm/Bcl2l11/Il1b/Sirpa/Siglec1/Snx5/Cd93/Cst3/Rem1/Mylk2/E2f1/Trp53inp2/Acss2/Samhd1/Nnat/Lbp/Mafb/Jph2/Ada/Pltp/Cd40/Slc2a10/Prex1/B4galt5/Nfatc2/Ctsz/Sycp2/Was/Cybb/Syn1/Dock11/Sash3/Elf4/Aifm1/Fgf13/Fmr1/Nsdhl/Bgn/Arhgap4/Flna/Dmd/Pcyt1b/Il2rg/Cxcr3/Cox7b/Cysltr1/Srpx2/Btk/Gla/Rnf128/Prps1/Kcne5/Chrdl1/Amot/Alas2/Ptchd1/Nhs/Tlr8/Tlr7/Tpd52/Fabp5/Sirpb1a/Sirpb1b/Sirpb1c/Gm5150/Cpa3/Ect2/Skil/Anxa5/Noct/Postn/Igsf10/P2ry1/Ptx3/Bche/Glrb/Tlr2/Kirrel1/Iqgap3/Tmem79/Fdps/Pbxip1/S100a8/Rorc/Tmod4/Tnfaip8l2/Ctsk/Ctss/Ecm1/Ciart/BC028528/Hjv/Hmgcs2/Tent5c/Cd2/Atp1a1/Ngf/Ptpn22/Sypl2/Vav3/Gclm/Sec24d/Enpep/Elovl6/Mcub/Ccn1/Ddah1/Mcoln2/Ptger3/Cth/Lyn/Gabrr2/Cntfr/Tpm2/Glipr2/Cavin4/Mexis/Svep1/Lpar1/Mup2/Mup1/Mup11/Mup3/Ptprd/Elavl2/Jun/Pde4b/Dhcr24/Cdkn2c/Skint3/Stil/Rad54l/Lurap1/Ptch2/Tmem53/B4galt2/Cdc20/Csf3r/Trim62/Marcksl1/Laptm5/Atp5if1/Ptafr/Themis2/Fgr/Rps6ka1/Trim63/Stmn1/Clic4/Nipal3/Cnr2/E2f2/C1qc/C1qa/Mfap2/Hspb7/Dhrs3/Tnfrsf1b/Mthfr/Pik3cd/Slc2a5/Eno1/Per3/Chd5/Kcnab2/Mxra8/Isg15/Cyp51/Nos3/Atg9b/Insig1/Slc5a6/Spon2/Tacc3/Wfs1/Bst1/Sod3/Tlr1/Tlr6/Fam114a1/Rhoh/Tec/Stap1/Pf4/Btc/Bmp3/Arhgap24/Spp1/Abcg3/Crlf2/Sez6l/Myo18b/Selplg/Coro1c/Acacb/Cit/Taok3/Ksr2/Oas1c/Oas1g/Oas1a/Aldh2/Cux2/P2rx7/Ccdc62/Aacs/Psph/Ncf1/Lat2/Eln/Mlxipl/Sh2b2/Serpine1/Pilrb1/Fam20c/Micall2/Gna12/Card11/Actb/Daglb/Alox5ap/Hsph1/Tfpi2/Pon1/Asb4/Met/Cadps2/Lep/Hilpda/Irf5/Bpgm/Creb3l2/Tbxas1/Clcn1/Rarres2/Tmem176a/Gpnmb/Tril/Mturn/Snca/Hpgds/Ndnf/Gadd45a/Capg/Hk2/Rab11fip5/Plxna1/Klf15/Hdac11/Lrig1/Lmod3/Bhlhe40/Srgap3/Fancd2/Hrh1/Plxnd1/Ret/Dppa3/C3ar1/Clec4a3/Clec4a4/Clec4a2/Clec4d/Clstn3/Ptpn6/Pianp/Lpar5/Gapdh/Cd9/Foxm1/Clec7a/Grin2b/Arhgdib/Ptpro/Bhlhe41/Pirb/Pira1/Pira6/Pira11/Tnnt1/C5ar2/C5ar1/Slc1a5/Hif3a/Fosb/Apoc1/Bcl3/Kcnn4/Plaur/Pou2f2/Tgfb1/Pld3/Ryr1/Kcnk6/Tyrobp/Nfkbid/Hspb6/Cd22/Klk8/Mybpc2/Napsa/Rcn3/Cd37/Hrc/Gys1/Ldha/E2f8/Arrdc4/Ntrk3/Mfge8/Anpep/Fes/Iqgap1/Homer2/Prcp/Aqp11/Pak1/Acer3/Lrrc32/Wnt11/Dgat2/Mogat2/Map6/Arrb1/Ucp2/Rhog/Hbb-b1/Dchs1/Nlrp10/Adm/Mical2/Bmal1/Plekha7/Xylt1/Coq7/Prkcb/Atp2a1/Coro1a/Aldoa/Spn/Mylpf/Itgal/Ctf1/Pycard/Itgam/Itgax/Itgad/Ptpre/Mki67/Adam8/Fuom/Or13a25/Or13a17/Or13a26/Tnni2/Tnnt3/H19/Tspan32/Kcnq1/Ccnd1/Tpcn2/Akap12/Ulbp1/Zc3h12d/Sash1/Slc2a12/Eya4/Vnn1/Enpp1/Arg1/Trdn/Ddo/Cd24a/Prdm1/Popdc3/Lilrb4b/Lilrb4a/Gja1/Oit3/Psap/Vsir/Egr2/Cdk1/S100b/Col6a1/Col18a1/Itgb2/Cstb/Fstl3/Cfd/Reep6/Jsrp1/Pip5k1c/Tle6/Ascl1/Plxnc1/Ppfia2/Ptprq/Nap1l1/Hmga2/Agap2/B4galnt1/Stac3/Stat6/Nab2/Gdf11/Retn/Irs2/F7/F10/Cln8/Myom2/Ank1/Tcim/Ddhd2/Rab11fip1/Mfhas1/Msr1/Pdlim3/Acsl1/Hpgd/Comp/Gdf15/Jund/Map1s/Nxnl1/Slc27a1/Tpm4/Tmem38a/Hmox1/Gapdhrt2/Adgre5/Il27ra/Lyl1/Dnase2a/Junb/Man2b1/Adcy7/Cx3cl1/Cmtm3/Tppp3/Plcg2/Irf8/Slc7a5/Cyba/Aprt/Ccsap/Acta1/Nr1d2/Myoz1/Synpo2l/Plau/Adk/Lrtm1/Cacna1d/Prkcd/Mustn1/Vstm4/Wdfy4/Arhgap22/Shld2/Sncg/Grid1/Ptger2/Lgals3/Or4k6/Or4n4/Or4n4b/Or4m1/Or4q3/Mmp14/Ripk3/Cma1/Mcpt4/Il17d/Sgcg/Ctsb/Egr3/Gfra2/Lcp1/Epsti1/Diaph3/Acod1/Mycbp2/Tpm3-rs7/Dct/Gpr183/Fgf14/Mmp13/Mmp12/Panx1/Hephl1/Fat3/S1pr2/Icam1/Ldlr/Anln/St14/Kirrel3/Hspa8/Ubash3b/Sorl1/Mpzl2/Scn4b/Il10ra/Apoc3/Cadm1/Dixdc1/Cspg4/Hexa/Pkm/Aph1c/Rab8b/Tpm1/C2cd4a/Myo1e/Ccnb2/Aldh1a2/Cgas/Cd109/Tpbg/Bcl2a1d/Bcl2a1a/Ctsh/Plscr1/Rbp1/Tlr9/Alas1/Traip/Bsn/Gpx1/Map4/Cspg5/Pth1r/Cmtm7/Xirp1/Ccr1/Ccr5/Pgam2/Tns3/Ikzf1/Fignl1/Plek/Slc1a4/Rel/Sptbn1/Hba-a1/Hba-a2/Sh3pxd2b/Lcp2/Dock2/Insyn2b/Slit3/Cyfip2/Havcr2/Uqcrq/Anxa6/Sparc/Nlrp3/Pemt/Srebf1/Tnfrsf13b/Specc1/Adora2b/Trpv2/Hs3st3b1/Shisa6/Myh2/Myh1/Myh4/Myh8/Myh13/Gas7/Aurkb/Tnfsf12/Ybx2/Slc2a4/Clec10a/Arrb2/Scimp/Nlrp1a/Nlrp1b/P2rx5/Shpk/Trpv1/Trpv3/Aspa/Rap1gap2/Serpinf1/Abr/Traf4/Adap2/Ccl2/Unc45b/Slfn2/Ccl5/Ccl9/Ccl3/Ccl4/Acaca/Nog/Tob1/Plxdc1/Cacnb1/Stac2/Tcap/Rara/Top2a/Ccr7/Jup/Odad4/Dhx58/Cntnap1/Rnd2/Brca1/Tmem106a/Meox1/Dusp3/Mpp2/Slc4a1/Grn/Myl4/Scn4a/Milr1/Map2k6/Kcnj2/Cd300a/Cd300lb/Cd300ld/Cd300c2/Cd300lf/Unc13d/Trim47/Birc5/Socs3/C1qtnf1/Nptx1/Actg1/Metrnl/Ryr2/Gpr137b/Sox4/Serpinb6b/Serpinb6a/Tubb2a/Tubb2b/Gcnt2/Nedd9/Cd83/Ninj1/Sema4d/Syk/Sfxn1/Hrh2/Unc5a/Rgs14/Pdlim7/Tifab/Klhl3/Ctsl/Cdk20/Adamts16/Cmya5/Lhfpl2/Enc1/Naip5/Ccnb1/Pik3r1/Cd180/Rnf180/Gapt/Plk2/Ndufs4/Isl1/Emb/Efr3b/Fkbp1b/Sdc1/Lpin1/Rrm2/Id2/Rsad2/Dld/Pik3cg/Nampt/Ifrd1/Immp2l/Lrrn3/Tmem229b/Rdh11/Fos/Tgfb3/Gpr68/Fbln5/Lgmn/Unc79/Asb2/Evl/Tnfaip2/Pld4/Ptger4/Dab2/Il7r/Npr3/Cdh9/Basp1/Retreg1/Dcstamp/Angpt1/Sybu/Mal2/Arc/Dgat1/Recql4/Rac2/Mrtfa/Nfam1/Pnpla3/Tafa5/Plxnb2/Slc38a1/Endou/Racgap1/Acvr1b/Nr4a1/Itga5/Nckap1l/Abat/Socs1/Pkp2/P2rx6/Cldn5/Clcn2/Ephb3/Igf2bp2/Etv5/Trp63/Apod/Nrros/Fbxo45/Cd86/Eaf2/Hcls1/Polq/Cd80/Cd200r1/Cip2a/Samsn1/Ncam2/App/Adamts5/Tiam1/Ifngr2/Runx1/Cbr3/Dop1b/Rps6ka2/Pnldc1/Acat2/Thbs2/Tnfrsf12a/Metrn/Hmga1/Mdga1/Abcg1/Cbs/Rasal3/Myo1f/H2-DMa/H2-DMb2/H2-DMb1/H2-Ab1/H2-Aa/H2-Eb1/Gpsm3/Cfb/Hspa1b/Clic1/Aif1/Lst1/Tnf/Trim10/Ubd/H2-M3/Tnfrsf21/Pla2g7/Runx2/Slc29a1/Trem1/Trem2/Rftn1/Plcl2/Slc5a7/Ebi3/Ptprs/C3/Vav1/Tgif1/Myom1/Lbh/Ehd3/Nlrc4/Slc8a1/Prkce/Nrxn1/Gapdh-ps15/Ttc39c/B4galt6/Egr1/Sting1/Hbegf/Diaph1/Dpysl3/Ticam2/Eno1b/Lox/Zfp608/Synpo/Cd74/Camk2a/Csf1r/Alpk2/Pmaip1/Gnal/Lipg/Cd226/Cpt1a/Tcirg1/Unc93b1/Lrfn4/Actn3/Npas4/Ltbp3/Batf2/Ccdc88b/Fermt3/Bscl2/Fads2/Cd6/Anxa1/Aldh1a7/Mamdc2/Apba1/Fxn/Dock8/Plpp6/Acta2/Lipa/Kif20b/Hhex/Rbp4/Pdlim1/Entpd1/Blnk/Sfrp5/Crtac1/Scd1/Calhm2/Sh3pxd2a/Dusp5/Gpam/Tectb/Nrap/Afap1l2/Shtn1/COX1/ND4"
"GO:0032502","GO:0032502","developmental process",816,"816/2778","Eya1/Jph1/Gsta3/Ptpn18/Hs6st1/Ankrd23/Il1rl1/Slc9a4/Fhl2/Slc40a1/Cd28/Nrp2/Fzd5/Fn1/Itm2c/Inpp5d/Ramp1/Per2/Gpc1/Bok/Tnfrsf11a/Inhbb/Cxcr4/Il10/Rab7b/Rab29/Cdk18/Cntn2/Btg2/Nav1/Pkp1/Kif21b/Kif14/Ptprc/Aspm/Pla2g4a/Ptgs2/Glul/Soat1/Myoc/Adcy10/Fcgr2b/Fcer1g/Ly9/Casq1/Slamf9/Igsf9/Tagln2/Slamf8/Aim2/Ifi214/Ifi209/Spta1/Exo1/Dusp10/Cenpf/Batf3/Atf3/Nek2/Lamb3/Hsd11b1/Camk1d/Vim/Pip4k2a/Il1rn/Bmyc/Agpat2/Ak8/Prrx2/Ncs1/Bbln/Slc25a25/Tnfaip6/Neb/Gpd2/Grb14/Xirp2/Klhl41/Chn1/Ttn/Itga4/Rtn4rl2/Aplnr/Ptprj/Mtch2/Spi1/Mdk/Creb3l1/Lrrc4c/Cd44/Lmo2/Fmn1/Actc1/Rasgrp1/Thbs1/Epb42/Map1a/Duoxa1/Gatm/Mtln/Bcl2l11/Il1b/Sirpa/Cd93/Cst3/Trib3/Mylk2/Hck/E2f1/Trp53inp2/Samhd1/Nnat/Fam83d/Mafb/Jph2/Ada/Neurl2/Cd40/Slc2a10/Prex1/B4galt5/Nfatc2/Ctsz/Sycp2/Cybb/Syn1/Dock11/Sash3/Elf4/Aifm1/Fgf13/Fmr1/Nsdhl/Xlr4b/Bgn/Arhgap4/Flna/Dmd/Pcyt1b/Il2rg/Cxcr3/Cox7b/Cysltr1/Srpx2/Btk/Gla/Prps1/Chrdl1/Amot/Alas2/Pfkfb1/Ptchd1/Nhs/Tmsb4x/Tpd52/Ect2/Skil/Ccna2/Noct/Postn/Igsf10/P2ry1/Ptx3/Bche/Glrb/Tlr2/Iqgap3/Tmem79/Fdps/Pbxip1/S100a8/Rorc/Tmod4/Ctsk/Ecm1/BC028528/Plekho1/Acp6/Hmgcs2/Tent5c/Ngf/Ptpn22/Rhoc/Cd53/Sypl2/Vav3/Sec24d/Enpep/Mcub/Cenpe/Ccn1/Ddah1/Ptger3/Cth/Lyn/Cntfr/Car9/Glipr2/Melk/Cavin4/Mexis/Svep1/Lpar1/Ptprd/Elavl2/Jun/Dhcr24/Cdkn2c/Stil/Ptch2/Tmem53/B4galt2/Cdc20/Csf3r/Trim62/Nhsl3/Marcksl1/Laptm5/Atp5if1/Fgr/Rps6ka1/Trim63/Stmn1/Clic4/E2f2/C1qb/C1qc/C1qa/Mfap2/Hspb7/Fblim1/Dhrs3/Tnfrsf1b/Mthfr/Pik3cd/Eno1/Chd5/Kcnab2/Mxra8/Isg15/Cyp51/Nos3/Atg9b/Insig1/Kcnk3/Tacc3/Wfs1/Fam114a1/Rhoh/Stap1/Pf4/Btc/Bmp3/Arhgap24/Spp1/Hfm1/Sez6l/Myo18b/Coro1c/Acacb/Cit/Taok3/Cux2/P2rx7/Tmem120b/Ccdc62/Aacs/Psph/Eln/Sh2b2/Serpine1/Pilrb1/Fam20c/Micall2/Gna12/Card11/Actb/Daglb/Peg10/Asb4/Met/Lep/Strip2/Bpgm/Creb3l2/Rarres2/Tmem176a/Gpnmb/Chn2/Mturn/Adcyap1r1/Snca/Ndnf/Gadd45a/Capg/Hk2/Mcm2/Plxna1/Klf15/Hdac11/Lrig1/Lmod3/Bhlhe40/Srgap3/Fancd2/Plxnd1/Ret/Dppa3/C3ar1/Clec4d/Clstn3/Ptpn6/Pianp/Gapdh/Cd9/Foxm1/Clec7a/Grin2b/Arhgdib/Ptpro/Bhlhe41/Pirb/Pira1/Pira6/Pira11/Tnnt1/C5ar1/Slc1a5/Hif3a/Bcl3/Plaur/Pou2f2/Pafah1b3/Tgfb1/Pld3/Ryr1/Tyrobp/Nfkbid/Hspb6/Klk8/Mybpc2/Rcn3/Gys1/Ldha/E2f8/Ntrk3/Mfge8/Pex11a/Anpep/Fes/Iqgap1/Ddias/Prcp/Aqp11/Pak1/Acer3/Lrrc32/Wnt11/Dgat2/Map6/Arrb1/Ucp2/Arap1/Rhog/Hbb-b1/Dchs1/Adm/Mical2/Bmal1/Xylt1/Coq7/Prkcb/Coro1a/Aldoa/Tlcd3b/Spn/Mylpf/Ctf1/Itgam/Itgax/Htra1/Mki67/Adam8/Fuom/Tnnt3/H19/Kcnq1/Ccnd1/Sash1/Slc2a12/Eya4/Vnn1/Enpp1/Arhgap18/Cd24a/Prdm1/Popdc3/Lilrb4b/Lilrb4a/Gja1/Psap/Vsir/Egr2/Cdk1/Mmp11/Prmt2/S100b/Col6a1/Col18a1/Itgb2/Fstl3/Cfd/Cnn2/Pcsk4/Gadd45b/Pip5k1c/Tle6/Ascl1/Plxnc1/Ppfia2/Ptprq/Nap1l1/Hmga2/Agap2/B4galnt1/Stac3/Stat6/Nab2/Gdf11/Retn/Irs2/F7/Cln8/Myom2/Ank1/Tcim/Ddhd2/Mfhas1/Msr1/Pdlim3/Hpgd/Palld/Atp6v1b2/Comp/Gdf15/Jund/Map1s/Myo9b/Tpm4/Hmox1/Adgre5/Il27ra/Lyl1/Dnase2a/Junb/Nkd1/Cx3cl1/Cmtm3/Tppp3/Lncbate1/Nudt7/Plcg2/Osgin1/Irf8/Slc7a5/Aprt/Ccsap/Acta1/Nr1d2/Myoz1/Synpo2l/Plau/Zfp503/Lrtm1/Mustn1/Vstm4/Arhgap22/Shld2/Lgals3/Mmp14/Ripk3/Cma1/Il17d/Sgcg/Arl11/Ctsb/Esco2/Egr3/Gfra2/Lcp1/Epsti1/Diaph3/Acod1/Mycbp2/Dct/Gpr183/Fgf14/Mmp13/Mmp12/Fat3/S1pr2/Icam1/Ldlr/Angptl8/Anln/St14/Kirrel3/Hspa8/Ubash3b/Sorl1/Mpzl2/Cadm1/Dixdc1/Cspg4/Hexa/Pkm/Aph1c/Tpm1/Myo1e/Ccnb2/Aldh1a2/Cd109/Tpbg/Bcl2a1d/Ctsh/Plscr1/Rbp1/Tlr9/Alas1/Bsn/Gpx1/Map4/Cspg5/Pth1r/Cmtm7/Xirp1/Abhd5/Ccr1/Ccr5/Pgam2/Tns3/Ikzf1/Fignl1/Plek/Sptbn1/Hba-a1/Hba-a2/Sh3pxd2b/Dock2/Slit3/Cyfip2/Havcr2/Uqcrq/Sparc/Obscn/Nlrp3/Pemt/Srebf1/Tnfrsf13b/Specc1/Trpv2/Hs3st3b1/Shisa6/Gas7/Aurkb/Tnfsf12/Ybx2/Slc2a4/Arrb2/Zmynd15/P2rx5/Trpv1/Aspa/Rap1gap2/Serpinf1/Abr/Traf4/Adap2/Ccl2/Ccl7/Unc45b/Ccl5/Ccl9/Ccl3/Wfdc21/Myo19/Nog/Hlf/Tob1/Plxdc1/Tcap/Rara/Top2a/Ccr7/Jup/Odad4/Atp6v0a1/Cntnap1/Vat1/Rnd2/Brca1/Meox1/Dusp3/Slc4a1/Grn/Fmnl1/Map2k6/Cd300lf/Unc13d/Trim47/Birc5/Socs3/Nptx1/Actg1/Fasn/Fn3k/Metrnl/Ryr2/Gpr137b/Nkapl/H1f5/H1f1/Gmnn/Sox4/Serpinb6a/Tubb2a/Tubb2b/Gcnt2/Nedd9/Cd83/Ninj1/Sema4d/Syk/Sfxn1/Hrh2/Unc5a/Rgs14/Pdlim7/Tifab/Klhl3/Ctsl/Cdk20/Adamts16/Lhfpl2/Enc1/Ccnb1/Pik3r1/Plk2/Ccno/Ndufs4/Isl1/Emb/Fkbp1b/Sdc1/Lpin1/Rrm2/Id2/Rsad2/Dld/Pik3cg/Ifrd1/Immp2l/Lrrn3/Frmd6/Hspa2/Sptb/Actn1/Fos/Tgfb3/Gpr68/Fbln5/Lgmn/Unc79/Asb2/Evl/Tnfaip2/Pld4/Crip2/Ptger4/Dab2/Il7r/Npr3/Cdh9/Basp1/Retreg1/Dcstamp/Angpt1/Sybu/Mal2/Arc/Recql4/Tst/Rac2/Mrtfa/Nfam1/Tafa5/Plxnb2/Racgap1/Acvr1b/Nr4a1/Itga5/Nckap1l/Abat/Socs1/Pkp2/Cldn5/Clcn2/Ephb3/Igf2bp2/Etv5/Trp63/Apod/Nrros/Fbxo45/Tnk2/Cd86/Eaf2/Hcls1/Fbxo40/Polq/Cip2a/Ncam2/App/Adamts5/Tiam1/Mrap/Runx1/Dop1b/Ripk4/Rps6ka2/Pnldc1/Thbs2/Tnfrsf12a/Ccnf/Rpl3l/Chtf18/Metrn/Hmga1/Mdga1/Abcg1/Cbs/H2-DMa/H2-Aa/Hspa1b/Clic1/Lst1/Tnf/Trim10/Ubd/H2-M3/Tnfrsf21/Runx2/Slc29a1/Trem2/Plcl2/Slc5a7/Ptprs/Rfx2/C3/Vav1/Tgif1/Myom1/Lbh/Slc8a1/Nrxn1/Ttc39c/B4galt6/Cdc25c/Egr1/Hbegf/Diaph1/Spry4/Dpysl3/Cdo1/Lox/Zfp608/Cd74/Camk2a/Csf1r/Alpk2/Mc2r/Cpt1a/Tcirg1/Unc93b1/Lrfn4/Actn3/Npas4/Cst6/Ltbp3/Batf2/Bscl2/Anxa1/Mamdc2/Apba1/Fxn/Acta2/Lipa/Kif20b/Hhex/Myof/Cep55/Rbp4/Pdlim1/Sfrp5/Crtac1/Got1/Scd1/Sh3pxd2a/Dusp5/Gpam/Nrap/Shtn1/COX1/COX2/ND4/CYTB"
"GO:0040007","GO:0040007","growth",131,"131/2778","Nrp2/Fn1/Cxcr4/Kif14/Aspm/Adcy10/Dusp10/Slc25a25/Tnfaip6/Gpd2/Ttn/Itga4/Ptprj/Mdk/Cd44/Fmn1/Thbs1/Bcl2l11/Sash3/Fgf13/Arhgap4/Dmd/Tro/Postn/Igsf10/Ptx3/Fdps/Ecm1/Ngf/Mcub/Cth/Cdkn2c/Stil/Ptch2/Sesn2/Clic4/Slc25a33/Eno1/Wfs1/Acacb/Serpine1/Lep/Plxna1/Clstn3/Cd9/Tgfb1/Ntrk3/Fes/Iqgap1/Pak1/Wnt11/Adm/Prkcb/H19/Zc3h12d/Enpp1/Gja1/Psap/Cdk1/Prmt2/S100b/Col6a1/Hmga2/Comp/Gdf15/Nkd1/Mt2/Mt1/Rrad/Osgin1/Cyba/Myoz1/Plau/Tkt/Mustn1/Mmp14/Mycbp2/Mmp13/Cadm1/Pkm/Ccnb2/Gpx1/Xirp1/Ccr5/Ikzf1/Sh3pxd2b/Slit3/Cyfip2/Trpv2/Tnk1/Cxcl16/P2rx5/Nog/Rara/Rnd2/Brca1/Grn/Ninj1/Sema4d/Ccnb1/Ifrd1/Fbln5/Lgmn/Unc79/Ptger4/Dab2/Dcstamp/Acvr1b/Apod/Eaf2/App/Tiam1/Tnfrsf12a/Hmga1/Hspa1b/Hspa1a/Rftn1/Ptprs/C3/Hbegf/Eno1b/Csf1r/Actn3/Anxa1/Apba1/Fxn/Hhex/Rbp4/Sfrp5/Gpam/Shtn1"
"GO:0040011","GO:0040011","locomotion",247,"247/2778","Nrp2/Fn1/Arpc2/Gpr35/Cxcr4/Adora1/Kif14/Ptprc/Ptgs2/Glul/Myoc/Fcgr3/Fcer1g/Slamf9/Slamf8/Dusp10/Camk1d/Prkcq/Vim/Il1rn/Tnfaip6/Ttn/Itga4/Ptprj/Spi1/Mdk/Thbs1/Il1b/Lbp/Ada/Cd40/Prex1/Cass4/Was/Arhgap4/Flna/Cxcr3/Cysltr1/Srpx2/Gla/Amot/Tmsb4x/Anxa5/Postn/Igsf10/Tlr2/S100a4/S100a8/S100a11/Ecm1/Ptpn22/Rhoc/Vav3/Synpo2/Ccn1/Ptger3/Lyn/Arhgef39/Glipr2/Lpar1/Jun/Pde4b/Csf3r/Sdc3/Ptafr/Fgr/Stmn1/Clic4/Cnr2/Padi2/Pik3cd/Nos3/Bst1/Limch1/Stap1/Pf4/Cxcl2/Spp1/Coro1c/Serpine1/Gna12/Met/Rarres2/Gpnmb/Snca/Gadd45a/Tmsb10/Plxna1/Srgap3/Plxnd1/Ret/C3ar1/Cd9/Clec7a/Arhgdib/Ptpro/C5ar2/C5ar1/Tgfb1/Ntrk3/Fes/Iqgap1/Prcp/Pak1/Wnt11/P2ry6/Rhog/Coro1a/Aldoa/Spn/Pycard/Itgam/Itgax/Adam8/Akap12/Sash1/Arhgap18/Gja1/Vsir/Col6a1/Col18a1/Itgb2/Kiss1r/Cnn2/Pip5k1c/Plxnc1/Retn/Irs2/F7/Bag4/Gdf15/Myo9b/Hmox1/Il27ra/Ccl22/Cx3cl1/Cklf/Cmtm3/Plcg2/Osgin1/Plau/Lrtm1/Prkcd/Ear1/Ear10/Ear2/Lgals3/Or4m1/Mmp14/Ripk3/Egr3/Mycbp2/Gpr183/Mmp12/Fut4/S1pr2/Icam1/Hspa8/Sorl1/Tpm1/Tpbg/Ctsh/Ackr4/Ccrl2/Cmtm7/Ccr1/Ccr5/Stk10/Dock2/Slit3/Sparc/Adora2b/Arrb2/Cxcl16/Serpinf1/Abr/Ccl2/Ccl7/Ccl5/Ccl9/Ccl6/Ccl3/Ccl4/Nog/Grb7/Ccr7/Jup/Ccr10/Dusp3/Grn/Cd300a/Actg1/Tubb2b/Gcnt2/Nedd9/Ninj1/Sema4d/Syk/Mctp1/Pik3r1/Plk2/Fam110c/Pik3cg/Lgmn/Evl/Ptger4/Dab2/Angpt1/Rac2/Tafa5/Plxnb2/Bin2/Acvr1b/Nr4a1/Itga5/Nckap1l/Pkp2/Cldn5/St6gal1/Apod/Cd200r1/App/Tiam1/Myo1f/Gpsm3/Aif1/Tnf/Pla2g7/Trem1/Trem2/Vav1/Slc8a1/Prkce/Egr1/Hbegf/Diaph1/Dpysl3/Lox/Cd74/Camk2a/Csf1r/Fermt3/Anxa1/Dock8/Acta2/Kif20b/Shtn1"
"GO:0042592","GO:0042592","homeostatic process",313,"313/2778","Cnnm3/Slc9a4/Slc40a1/Slc11a1/Inpp5d/Per2/Bok/Tnfrsf11a/Cxcr4/Pm20d1/Cntn2/Adora1/Ptprc/Pla2g4a/Ptgs2/Glul/Cacna1e/Soat1/Fmo4/Fmo1/Mpc2/Fcgr2b/Fcgr4/Fcer1g/Casq1/Slamf8/Aim2/Spta1/Il1rn/Bmyc/Card9/Ptges/Ncs1/Bbln/Slc25a25/Aplnr/Ptprj/Mtch2/Spi1/Cd44/Lmo2/Plcb2/Epb42/Map1a/Gatm/Mtln/Bcl2l11/Il1b/Adissp/Trp53inp2/Mafb/Jph2/Ada/Ube2c/Cd40/Slc2a10/Slc9a7/Dock11/Sash3/Fmr1/Flna/Dmd/Il2rg/Cxcr3/Gm6377/Btk/Alas2/Fabp5/Cp/Slc2a2/Skil/P2ry1/Ctsk/Ctss/Sv2a/Hjv/Atp1a1/Ngf/Sypl2/Gclm/Elovl6/Mcub/Ptger3/Lyn/Atp6v0d2/Mexis/Mup2/Mup1/Mup11/Mup3/Pde4b/Marcksl1/Sesn2/Atp5if1/Clic4/Mfap2/Pik3cd/C1qtnf12/Isg15/Steap2/Abcb4/Nos3/Insig1/Wfs1/Spp1/Acacb/Ksr2/Oas1c/Oas1g/Oas1a/P2rx7/Aacs/Mlxipl/Sh2b2/Card11/Met/Cadps2/Lep/Bpgm/Tbxas1/Snca/Hk2/Rab11fip5/Klf15/Clec4b1/Clstn3/Ptpn6/Pianp/Grin2b/Pirb/Slc1a5/Kcnn4/Tgfb1/Ryr1/Napsa/Rcn3/Hrc/Prcp/Aqp11/Dgat2/Arrb1/Ucp2/P2ry6/Hbb-b1/Bmal1/Chp2/Prkcb/Atp2a1/Coro1a/Aldoa/Tlcd3b/Itgam/Adam8/Kcnq1/Tpcn2/Enpp1/Trdn/Cd24a/Lilrb4a/Gja1/S100b/Col6a1/Jsrp1/Stat6/Irs2/Rab20/Cln8/Ank1/Mfhas1/Acsl1/Atp6v1b2/Comp/Gdf15/Nxnl1/Slc27a1/Tmem38a/Hmox1/Dnase2a/Mt2/Mt1/Cx3cl1/Lncbate1/Plcg2/Cyba/Nr1d2/Cacna1d/Mustn1/Vstm4/Or4m1/Ripk3/Epsti1/Diaph3/Gpr183/Sesn3/Hephl1/Icam1/Ldlr/Angptl8/Ubash3b/Sorl1/Abcg4/C2cd2l/Il10ra/Fxyd2/Apoc3/Rab39/Ccnb2/Bcl2a1a/Ctsh/Slc9a9/Rbp1/Tlr9/Alas1/Gpx1/Pth1r/Abhd5/Ccr1/Ccr5/Gck/Tns3/Ikzf1/Hba-a1/Hba-a2/Anxa6/Pemt/Tnfrsf13b/Trpv2/Ybx2/Slc2a4/Atp2a3/Trpv1/Serpinf1/Tlcd2/Tlcd1/Ccl2/Ccl5/Ccl3/Acaca/Ccr7/Atp6v0a1/Slc4a1/Grn/Map2k6/Birc5/Nptx1/Metrnl/Ryr2/Gpr137b/Sox4/Gcnt2/Syk/Sfxn1/Hk3/Klhl3/Pik3r1/Gapt/Fkbp1b/Lpin1/Id2/Pygl/Gpr68/Ckb/Ptger4/Il7r/Npr3/Dcstamp/Angpt1/Sybu/Dgat1/Rac2/Pnpla5/Pnpla3/Racgap1/Acvr1b/Nckap1l/Abat/Pkp2/Cldn5/Igf2bp2/Hcls1/App/Adamts5/Tiam1/Hmga1/Abcg1/Hspa1b/Tnf/Trim10/Slc29a1/Trem2/Plcl2/Slc8a1/Prkce/Egr1/Diaph1/Lox/Synpo/Cd74/Csf1r/Pmaip1/Lipg/Tcirg1/Actn3/Ltbp3/Pygm/Bscl2/Anxa1/Fxn/Lipa/Rbp4/Got1/Scd1/Gpam"
"GO:0043473","GO:0043473","pigmentation",8,"8/2778","Ap1s3/Rab29/Bcl2l11/Tpcn2/Enpp1/Dct/Sparc/Recql4"
"GO:0044419","GO:0044419","biological process involved in interspecies interaction between organisms",340,"340/2778","Ly96/Neurl3/Fzd5/Fn1/Slc11a1/Sp110/Tnfrsf11a/Marco/Il10/Ikbke/Rab7b/Rab29/Ptprc/Rgs1/Ptgs2/Ivns1abp/Ncf2/Fmo1/Sh2d1b1/Fcgr2b/Fcgr4/Fcer1g/Adamts4/Ly9/Slamf7/Cd84/Slamf9/Slamf8/Aim2/Ifi214/Ifi209/Dusp10/Batf3/Vim/Mrc1/Card9/Wipf1/Serping1/Ube2l6/Spi1/Rasgrp1/Bcl2l11/Il1b/Sirpa/Siglec1/Hck/E2f1/Samhd1/Lbp/Cd40/Was/Cybb/Cfp/Fmr1/Tlr13/Btk/Car5b/Tlr8/Tlr7/Noct/Mgst2/Ptx3/Trim59/Tlr2/S100a8/Tnfaip8l2/H2bc21/Fcgr1/Hmgcs2/Cd2/Ptpn22/Tifa/Mcoln2/Ptger3/Lyn/Ndufaf4/Alad/Jun/Pde4b/Trim62/Ptafr/Fgr/Cd52/Trim63/Stmn1/Cnr2/C1qb/C1qc/C1qa/Tnfrsf1b/Pik3cd/Isg15/Nos3/Spon2/Tlr1/Tlr6/Stap1/Pf4/Cxcl2/Oasl1/Oas1c/Oas1g/Oas1a/P2rx7/Vps37b/Ncf1/Serpine1/Lep/Irf5/Bpgm/Zyx/Rarres2/Tril/Snca/Hpgds/Tnip3/Capg/Rab11fip5/Apobec1/Clec4a1/Clec4a3/Clec4a4/Clec4b1/Clec4a2/Clec4d/Ptpn6/Gapdh/Klrb1a/Klrb1b/Clec7a/Usp29/C5ar1/Ptgir/Bcl3/Pou2f2/Tgfb1/Pld3/Tyrobp/Hcst/Cd37/Thrsp/Nlrp10/Adm/Coro1a/Spn/Pycard/Itgax/Htra1/Adam8/Cyp2e1/Tspan32/Tpcn2/Akap12/Ulbp1/Sash1/Fuca2/H60b/Vnn1/Enpp1/Arg1/Trdn/Cd24a/Prdm1/Lilrb4a/Gja1/Smpdl3a/Col6a1/Cfd/Stab2/Gas2l3/Lyz2/Lyz1/Hmga2/Rab20/Mfhas1/Hpgd/Gapdhrt2/Il27ra/Mt2/Ccl22/Cx3cl1/Plcg2/Cotl1/Irf8/Slc7a5/Cyba/Prkcd/Wdfy4/Ear1/Ear10/Ear2/Ptger2/Lgals3/Rnase6/Ripk3/Ctsb/Epsti1/Acod1/Mmp12/Endod1/Icam1/Hspa8/Trim29/Il10ra/Cadm1/Pstpip1/Cgas/Plscr1/Slc9a9/Tlr9/Gpx1/Ccr1/Ccr5/Rel/Hba-a1/Hba-a2/Havcr2/Trim7/Gm5431/Gm12185/9930111J21Rik1/Tgtp1/Tgtp2/Ifi47/Rad50/Tnip1/Nlrp3/Srebf1/Aurkb/Cd68/Arrb2/Cxcl16/Scimp/Nlrp1a/Nlrp1b/Shpk/Abr/Traf4/Ccl2/Ccl7/Slfn9/Slfn8/Slfn2/Ccl5/Ccl9/Ccl6/Ccl3/Ccl4/Wfdc21/Trim25/Rara/Ccr7/Dhx58/Tmem106a/Grn/Cd300a/Cd300lb/Cd300ld/Cd300c2/Cd300ld3/Cd300lf/Unc13d/Actg1/Fasn/H2bc12/Serpinb9b/Ly86/Ninj1/Syk/Tifab/Naip2/Naip5/Naip6/Naip1/Pik3r1/Cd180/Gzma/Ndufs4/Rsad2/Pygl/Tmem229b/Fos/Ifi27l2a/Evl/Pld4/Ptger4/Il7r/Apol11a/Nr4a1/Ciita/Masp1/Parp14/Cd86/Cd80/Retnla/App/Adamts5/Ifngr2/Jpt2/Fkbp5/Myo1f/Cfb/Hspa1b/Aif1/Tnf/Trim10/Ubd/H2-M3/Trem1/Trem2/Rftn1/Ptprs/C3/Vav1/Nlrc4/Prkce/Gapdh-ps15/Sting1/Ticam2/Cd74/Camk2a/Csf1r/Pmaip1/Cd226/Cpt1a/Unc93b1/Pcx/Batf2/Ccdc88b/Slc3a2/Cd6/Slc15a3/Mpeg1/Dtx4/Anxa1/Plpp6/Acta2/Pik3ap1/Scd1/Gpam"
"GO:0044848","GO:0044848","biological phase",6,"6/2778","Ptgs2/Sycp2/Cdc20/Ttk/Trpv1/Ctsl"
"GO:0048511","GO:0048511","rhythmic process",55,"55/2778","Npas2/Per2/Tnfrsf11a/Adora1/Pla2g4a/Ptgds/Tnfaip6/Mdk/Gpr176/Ada/Noct/Ptx3/Rorc/Ciart/Ngf/Ptger3/Mup2/Mup1/Mup11/Mup3/Per3/Nos3/Lep/Bhlhe40/Hrh1/Grin2b/Bhlhe41/Dbp/Ntrk3/Arrb1/Bmal1/Cdk1/Col6a1/Retn/F7/Nr1d2/Mycbp2/Hspa8/Spsb4/Slit3/Srebf1/Arrb2/Serpinf1/Hlf/Top2a/Map2k6/Id2/Nampt/Ptger4/Tef/Runx1/Tnf/Nfya/Nudt12/Egr1"
"GO:0048518","GO:0048518","positive regulation of biological process",892,"892/2778","St18/Eya1/Ly96/Ankrd23/Npas2/Il1rl1/Slc40a1/Sgo2a/Cd28/Fzd5/Bard1/Fn1/Arpc2/Slc11a1/Prkag3/Pid1/Sp110/Itm2c/Inpp5d/Ramp1/Per2/Gpc1/Bok/Tnfrsf11a/Inhbb/Marco/Cxcr4/Il10/Rassf5/Ikbke/Rab7b/Rab29/Cdk18/Cntn2/Btg2/Adora1/Pkp1/Kif14/Ptprc/Aspm/Pla2g4a/Ptgs2/Niban1/Ncf2/Glul/Ier5/Soat1/Myoc/Mpc2/Adcy10/Sh2d1b1/Fcgr2b/Fcgr4/Fcgr3/Fcer1g/Ly9/Cd84/Pea15a/Casq1/Aim2/Ifi214/Ifi209/Spta1/Cnst/Dusp10/Atf3/Nek2/Camk1d/Prkcq/Vim/Pip4k2a/Apbb1ip/Cacna1b/Bmyc/Card9/Agpat2/Trub2/Prrx2/Ptges/Ncs1/Ptges2/Niban2/Tnfaip6/Xirp2/Wipf1/Ttn/Itga4/Serping1/Aplnr/Ptprj/Mtch2/Spi1/Mdk/Dgkz/Creb3l1/Mapk8ip1/Hsd17b12/Cd44/Lmo2/Fmn1/Actc1/Rasgrp1/Thbs1/Knl1/Rad51/Nusap1/Ehd4/Map1a/Duoxa1/Gatm/Ncaph/Mtln/Bub1/Bcl2l11/Il1b/Sirpa/Siglec1/Adissp/Snx5/Cst3/Trib3/Tpx2/Mylk2/Hck/E2f1/Trp53inp2/Acss2/Nnat/Lbp/Fam83d/Mafb/Mybl2/Jph2/Ada/Ube2c/Pltp/Cd40/Slc2a10/Prex1/B4galt5/Nfatc2/Cass4/Eef1a2/Was/Cybb/Mid1ip1/Cfp/Dock11/Sash3/Elf4/Aifm1/Fgf13/Fmr1/Flna/Dkc1/Dmd/Il2rg/Cxcr3/Tlr13/Cysltr1/Hmgn5/Srpx2/Btk/Kcne5/Amot/Pfkfb1/Asb11/Tmsb4x/Tlr8/Tlr7/Mid1/Tpd52/Fabp5/Sirpb1a/Sirpb1b/Sirpb1c/Gm5150/Ect2/Slc2a2/Skil/Usp13/Anxa5/Ccna2/Noct/Postn/P2ry1/Ptx3/Fnip2/Tlr2/Kirrel1/Cd5l/Iqgap3/Tmem79/Fdps/Pbxip1/S100a4/S100a8/S100a11/Rorc/Ctsk/Ctss/Ecm1/Fcgr1/Hjv/Tent5c/Cd2/Atp1a1/Ngf/Ptpn22/Rhoc/Cd53/Gpsm2/Vav3/Synpo2/Tifa/Elovl6/Mcub/Cenpe/Ccn1/Ddah1/Mcoln2/Ptger3/Cth/Lyn/Ndufaf4/Rragd/Enho/Cntfr/Arhgef39/Glipr2/Melk/Cavin4/Svep1/Lpar1/Snx30/Mup2/Mup1/Mup11/Mup3/Ptprd/Jun/Pde4b/Skint3/Stil/Lurap1/Ptch2/Cdc20/Cdca8/Clspn/Trim62/Marcksl1/Col16a1/Laptm5/Sesn2/Atp5if1/Ptafr/Themis2/Fgr/Rps6ka1/E2f2/C1qb/C1qc/C1qa/Arhgef10l/Padi2/Mfap2/Tnfrsf1b/Pik3cd/Slc25a33/Eno1/Chd5/C1qtnf12/Isg15/Cyp51/Abcb4/Gsap/Nos3/Spon2/Nat8l/Wfs1/Bst1/Ncapg/Rell1/Tlr1/Tlr6/Rhoh/Limch1/Tec/Stap1/Rassf6/Pf4/Btc/Bmp3/Spp1/Crlf2/Sez6l/Selplg/Coro1c/Acacb/Oasl1/Cit/Taok3/Ksr2/Oas1c/Oas1g/Oas1a/Cux2/P2rx7/Ccdc62/Vps37b/Aacs/Lat2/Mlxipl/Sh2b2/Serpine1/Fam20c/Card11/Actb/Daglb/Rasl11a/Alox5ap/Hsph1/Pon1/Asb4/Mdfic/Tfec/Met/Cadps2/Lep/Hilpda/Irf5/Klf14/Creb3l2/Tbxas1/Rarres2/Gpnmb/Cycs/Tril/Mturn/Adcyap1r1/Snca/Tnip3/Ndnf/Gadd45a/Hk2/Dok1/Plxna1/Klf15/Fbln2/Lmod3/Hrh1/Plxnd1/Ret/Apobec1/C3ar1/Clec4b1/Clec4d/Clstn3/Ptpn6/Gapdh/Rad51ap1/Foxm1/Clec7a/Grin2b/Bicd1/Pirb/Peg3/Usp29/C5ar2/C5ar1/Hif3a/Fosb/Bcl3/Kcnn4/Plaur/Pou2f2/Tgfb1/Map4k1/Tyrobp/Hcst/Nfkbid/Hspb6/Cd22/Fxyd5/Ccnb1-ps/Rcn3/Cd37/Hrc/Dbp/Ldha/E2f8/Arrdc4/Ntrk3/Prc1/Fes/Iqgap1/Mex3b/Aqp11/Pak1/Acer3/Lrrc32/Wnt11/Dgat2/Map6/Arrb1/Ucp2/P2ry6/Arap1/Folr2/Rhog/Nlrp10/Ric3/Adm/Mical2/Bmal1/Spon1/Coq7/Plk1/Chp2/Prkcb/Atp2a1/Coro1a/Aldoa/Spn/Itgal/Ctf1/Pycard/Itgam/Itgax/Htra1/Adam8/Paox/Tnni2/Kcnq1/Ccnd1/Akap12/Ulbp1/Zc3h12d/Sash1/H60b/Eya4/Vnn1/Enpp1/Arg1/Akap7/Trdn/Cd24a/Prdm1/Lilrb4b/Lilrb4a/Gja1/Pkib/Smpdl3a/Psap/Vsir/Pcbd1/Egr2/Cdk1/Chchd10/Prmt2/S100b/Col18a1/Itgb2/Fstl3/Cfd/Kiss1r/Cnn2/Gadd45b/Tle6/Ascl1/Plxnc1/Nap1l1/Hmga2/Agap2/Stac3/Stat6/Gdf11/Retn/Irs2/F7/F10/Ckap2/Ank1/Tcim/Htra4/Plekha2/Ddhd2/Bag4/Ppp1r3b/Mfhas1/Msr1/Acsl1/Asb5/Hpgd/Slc18a1/Comp/Gdf15/Jund/Slc27a1/Hmox1/Gapdhrt2/Adgre5/Il27ra/Lyl1/Junb/Nkd1/Ccl22/Cx3cl1/Cmtm3/Tppp3/Plcg2/Irf8/Slc7a5/Cyba/Mvd/Cdt1/Acta1/Cadps/Nr1d2/Synpo2l/Plau/Adk/Lrtm1/Cacna1d/Prkcd/Mustn1/3425401B19Rik/Shld2/Ptger2/Samd4/Lgals3/Or4m1/Mmp14/Fitm1/Ripk3/Cma1/Il17d/Ska3/Slc25a37/Egr3/Dok2/Lcp1/Acod1/Mycbp2/Dct/Gpr183/Fgf14/Mmp13/Mmp12/Sesn3/Fut4/Panx1/S1pr2/Icam1/Ldlr/Angptl8/Anln/Hspa8/Sorl1/Abcg4/C2cd2l/Scn4b/Il10ra/Fxyd2/Apoc3/Cadm1/Dixdc1/Cspg4/Pkm/Kif23/Aph1c/Rab8b/Tpm1/C2cd4a/Aldh1a2/Cgas/Irak1bp1/Tpbg/Bcl2a1d/Bcl2a1a/Bcl2a1b/Ctsh/Plscr1/Pxylp1/Spsb4/Tlr9/Gpx1/Cspg5/Pth1r/Abhd5/Ccr1/Ccr5/Gck/Myo1g/Tns3/Ikzf1/Plek/Rel/Sptbn1/Sh3pxd2b/Lcp2/Dock2/Cyfip2/Havcr2/Rad50/Tnip1/Slc36a2/Sparc/Nlrp3/Pemt/Srebf1/Adora2b/Trpv2/Pik3r5/Aurkb/Tnfsf12/Ybx2/Slc2a4/Arrb2/Cxcl16/Scimp/Nlrp1a/Nlrp1b/Atp2a3/P2rx5/Trpv1/Trpv3/Aspa/Serpinf1/Rilp/Abr/Traf4/Spag5/Ccl2/Ccl7/Ccl5/Ccl9/Ccl6/Ccl3/Ccl4/Trim25/Nog/Hlf/Tob1/Cacnb1/Stac2/Grb7/Rara/Top2a/Ccr7/Jup/Dhx58/Mlx/Rnd2/Brca1/Tmem106a/Meox1/Dusp3/Mpp2/Slc4a1/Grn/Map2k6/Kcnj2/Cd300a/Cd300lb/Cd300ld/Cd300c2/Cd300ld2/Cd300ld4/Cd300ld3/Cd300lf/Unc13d/Ube2o/Septin9/Birc5/Socs3/C1qtnf1/Actg1/Hmga1b/Ccdc57/Metrnl/Ryr2/Gpr137b/H1f1/Sox4/Tubb2b/Ly86/Gcnt2/Nedd9/Cd83/Ninj1/Sema4d/Syk/Hrh2/Rgs14/Pdlim7/Tifab/Ctsl/Rasgrf2/Lhfpl2/Enc1/Naip2/Naip5/Naip6/Naip1/Ccnb1/Pik3r1/Cd180/Rnf180/Depdc1b/Plk2/Gzma/Ndufs4/Isl1/Fkbp1b/Sdc1/Lpin1/Ntsr2/Rrm2/Id2/Rsad2/Fam110c/Pik3cg/Nampt/Ifrd1/Lrrn3/Frmd6/Hspa2/Actn1/Fos/Tgfb3/Gpr65/Gpr68/Fbln5/Lgmn/Evl/Crip2/Tedc1/Ptger4/Dab2/Il7r/Npr3/Dcstamp/Angpt1/Sybu/Arc/Dgat1/Recql4/Csf2rb2/Il2rb/Rac2/Baiap2l2/Mrtfa/Tef/Nfam1/Plxnb2/Slc38a1/Racgap1/Gpd1/Acvr1b/Nr4a1/Itga5/Nckap1l/Abat/Ciita/Socs1/Pkp2/Cldn5/Clcn2/Ephb3/Igf2bp2/Etv5/St6gal1/Masp1/Trp63/Tnk2/Parp14/Cd86/Eaf2/Hcls1/Cd80/Cip2a/App/Tiam1/Mrap/Runx1/Rps6ka2/Pnldc1/Acat2/Thbs2/Tnfrsf12a/Chtf18/Metrn/Hmga1/Abcg1/Rasal3/Myo1f/H2-DMa/H2-DMb2/H2-DMb1/H2-Ab1/H2-Aa/H2-Eb1/Gpsm3/Cfb/Hspa1b/Hspa1a/Clic1/Aif1/Tnf/H2-Q10/Ubd/H2-M3/Tnfrsf21/Pla2g7/Runx2/Trerf1/Trem1/Trem2/Nfya/Apobec2/Rftn1/Plcl2/Ebi3/Uhrf1/Ptprs/Rfx2/C3/Vav1/Rab31/Tgif1/Myom1/Ndc80/Lbh/Ehd3/Nlrc4/Slc8a1/Prkce/Nrxn1/Gapdh-ps15/Cdc25c/Egr1/Sting1/Hbegf/Apbb3/Diaph1/Dpysl3/Ticam2/Eno1b/Synpo/Cd74/Camk2a/Csf1r/Pmaip1/Lipg/Cd226/Cpt1a/Unc93b1/Pcx/Actn3/Npas4/Ltbp3/Cdca5/Ccdc88b/Fermt3/Bscl2/Incenp/Fads2/Cd6/Slc15a3/Lpxn/Anxa1/Fxn/Dock8/Plpp6/Stambpl1/Acta2/Lipa/Kif20b/Hhex/Rbp4/Pdlim1/Blnk/Pik3ap1/Got1/Scd1/Calhm2/Dusp5/Gpam/Afap1l2/Shtn1/Csf2ra"
"GO:0048519","GO:0048519","negative regulation of biological process",752,"752/2778","St18/Eya1/Il1rl1/Fhl2/Slc40a1/Cd28/Fzd5/Bard1/Fn1/Arpc2/Slc11a1/Prkag3/Pid1/Itm2c/Inpp5d/Per2/Gpc1/Gpr35/Bok/Serpinb8/Inhbb/Zranb3/Il10/Rassf5/Ikbke/Rab7b/Rab29/Nuak2/Cntn2/Btg2/Adora1/Pkp1/Kif14/Ptprc/Aspm/Rgs1/Rgs18/Ptgs2/Ivns1abp/Niban1/Myoc/Fmo4/Fmo1/Dpt/Adcy10/Nuf2/Sh2d1b1/Fcgr2b/Fcer1g/Cd84/Pea15a/Casq1/Slamf8/Aim2/Ifi214/Ifi209/Spta1/Dusp10/Cenpf/Batf3/Atf3/Nek2/Camk1d/Itih5/Prkcq/Vim/Pip4k2a/Il1rn/Ptgds/Bmyc/Ptges/Niban2/Tnfaip6/Grb14/Nostrin/Spc25/Itga4/Serping1/Slc43a1/Rtn4rl2/Aplnr/Ptprj/Mtch2/Spi1/Mdk/Dgkz/Creb3l1/Mapk8ip1/Cd44/Lmo2/Actc1/Thbs1/Bub1b/Plcb2/Knl1/Rad51/Map1a/Bub1/Il1b/Sirpa/Siglec1/Snx5/Cst3/Trib3/Rem1/Tpx2/Hck/E2f1/Trp53inp2/Samhd1/Lbp/Mafb/Jph2/Ada/Ctsa/Slc2a10/Nfatc2/Pmepa1/Ctsz/Sycp2/Was/Mid1ip1/Elf4/Fgf13/Fmr1/Dusp9/Arhgap4/Flna/Dkc1/Dmd/Cxcr3/Hmgn5/Btk/Gla/Bex3/Rnf128/Kcne5/Chrdl1/Amot/Pfkfb1/Tro/Klf8/Tmsb4x/Tlr8/Mid1/Pkia/Fabp5/Skil/Anxa5/Nudt6/Noct/Postn/P2ry1/Ptx3/Trim59/Bche/Fnip2/Tlr2/Kirrel1/Iqgap3/Pbxip1/Rorc/Tmod4/Tnfaip8l2/Ctsk/Ecm1/Ciart/H2bc21/Hjv/Tent5c/Atp1a1/Ngf/Ptpn22/Cttnbp2nl/Gclm/Mcub/Cenpe/Ddit4l/Ccn1/Ddah1/Ptger3/Cth/Lyn/Gem/Ndufaf4/Rragd/Cntfr/Svep1/Lpar1/Mup2/Mup1/Mup11/Mup3/Alad/Ptprd/Jun/Dhcr24/Cdkn2c/Stil/Mutyh/Ptch2/Tmem53/Cdc20/Cdca8/Clspn/Trim62/Laptm5/Sesn2/Atp5if1/Fgr/Rps6ka1/Trim63/Stmn1/Clic4/Cnr2/E2f2/C1qc/Padi2/Dhrs3/Tnfrsf1b/Pik3cd/Eno1/Per3/Chd5/C1qtnf12/Isg15/Cyp51/Nos3/Insig1/Zfyve28/Htra3/Wfs1/Tlr6/Rhoh/Limch1/Stap1/Pf4/Btc/Arhgap24/Spp1/Coro1c/Acacb/Oasl1/Cit/Taok3/Oas1c/Oas1g/Oas1a/Aldh2/Cux2/P2rx7/Kntc1/Kmt5a/Mlxipl/Rasa4/Sh2b2/Serpine1/Pilrb1/Gna12/Actb/Hsph1/Tfpi2/Peg10/Mdfic/Tfec/Tes/Met/Lep/Tmem176a/Gpnmb/Adcyap1r1/Snca/Hpgds/Tnip3/Ndnf/Gadd45a/Capg/Tmsb10/Mtrnr2l7/Hk2/Dok1/Rab11fip5/Arhgap25/H1f10/Mcm2/Plxna1/Klf15/Lmod3/Bhlhe40/Srgap3/Fancd2/Hrh1/Plxnd1/Apobec1/Slc2a3/Clec4a3/Clec4a4/Clec4b1/Clec4a2/Clstn3/Ptpn6/Gapdh/Cd9/Foxm1/Klrb1b/Olr1/Grin2b/Arhgdib/Ptpro/Bhlhe41/Bicd1/Pirb/Pira1/Pira6/Pira11/Tnnt1/Peg3/C5ar2/C5ar1/Ptgir/Rtn2/Apoc1/Bcl3/Kcnn4/Plaur/Tgfb1/Gmfg/Ryr1/Tyrobp/Nfkbid/Hspb6/Cd22/Ccnb1-ps/Cd37/Hrc/E2f8/Ntrk3/Ticrr/Iqgap1/Homer2/Ddias/Aqp11/Pak1/Lrrc32/Wnt11/Dgat2/Arrb1/Ucp2/P2ry6/Arap1/Adm/Bmal1/Spon1/Xylt1/Coq7/Plk1/Prkcb/Atp2a1/Coro1a/Tlcd3b/Spn/Pycard/Itgam/Rgs10/Htra1/Ptpre/Adam8/Fuom/Dusp8/H19/Tspan32/Kcnq1/Ccnd1/Tpcn2/Zc3h12d/Eya4/Enpp1/Arg1/Trdn/Cd24a/Prdm1/Lilrb4b/Lilrb4a/Gja1/Pkib/Smpdl3a/Vsir/Cdk1/Mmp11/Prmt2/S100b/Pfkl/Cstb/Fstl3/Kiss1r/Cnn2/Arhgap45/Jsrp1/Gadd45b/Tle6/Ascl1/Parpbp/Plxnc1/Hmga2/Agap2/Stat6/Nab2/Gdf11/Retn/Irs2/Cln8/Ckap2/Tcim/Bag4/Rab11fip1/Ppp1r3b/Mfhas1/Msr1/Hpgd/Slc18a1/Gmip/Comp/Gdf15/Jund/Ifi30/Slc27a1/Tmem38a/Hmox1/Gapdhrt2/Arhgap10/Il27ra/Adcy7/Nkd1/Mt2/Mt1/Cx3cl1/Rrad/Plcg2/Osgin1/Irf8/Slc7a5/Cyba/Cdt1/Nr1d2/Myoz1/Plau/Zfp503/Prkcd/Itih4/Arhgap22/Shld2/Samd4/Lgals3/Mmp14/Il17d/Ska3/Shisa2/Pbk/Egr3/Hr/Dok2/Gfra2/Diaph3/Acod1/Mycbp2/Mmp12/Sesn3/Fat3/S1pr2/Icam1/Ldlr/Spc24/Hspa8/Ubash3b/Sorl1/Sc5d/Trim29/Il10ra/Fxyd2/Apoc3/Cadm1/Dixdc1/Cspg4/Zwilch/Cilp/Aph1c/Tpm1/Aldh1a2/Klhl31/Cgas/Cd109/Ttk/Tpbg/Bcl2a1d/Bcl2a1a/Ctsh/Plscr1/Tlr9/Ifrd2/Traip/Gpx1/Pth1r/Vill/Xirp1/Abhd5/Ccr1/Ccr5/Gck/Tns3/Ikzf1/Fignl1/Plek/Pus10/Rel/Sptbn1/Spdl1/Slit3/Havcr2/Rad50/Tnip1/Anxa6/Sparc/Obscn/Nlrp3/Pemt/Srebf1/Tnfrsf13b/Adora2b/Trpv2/Shisa6/Aurkb/Cd68/Tnk1/Ybx2/Arrb2/Zmynd15/Trpv1/Trpv3/Rap1gap2/Serpinf1/Rilp/Abr/Ccl2/Slfn2/Ccl5/Ccl9/Ccl3/Trim25/Nog/Tob1/Eme1/Grb7/Rara/Top2a/Ccr7/Jup/Dhx58/Mlx/Vat1/Brca1/Dusp3/Slc4a1/Grn/Milr1/Map2k6/Cd300a/Cd300lf/Ten1/Birc5/Socs3/C1qtnf1/Pycr1/Hmga1b/Metrnl/Ryr2/Gpr137b/H2ac13/H2ac15/H1f5/H2ac22/H2ac23/H2ac24/H2ac12/H2ac11/H2ac10/H2ac7/H2ac6/H2ac4/H1f1/Gmnn/Sox4/Serpinb6b/Serpinb9b/Serpinb6a/Gcnt2/Nedd9/Cd83/Sema4d/Hrh2/Hk3/Rgs14/Tifab/Ctsl/Cdk20/Mctp1/Cmya5/Enc1/Naip2/Naip5/Naip6/Naip1/Ccnb1/Pik3r1/Plk2/Gzma/Isl1/Fkbp1b/Lpin1/Id2/Rsad2/Pik3cg/Nampt/Ifrd1/Hspa2/Sptb/Tgfb3/Gpr68/Fbln5/Lgmn/Ifi27/Serpina3b/Serpina3i/Serpina3j/Serpina3m/Evl/Gpr132/Ptger4/Dab2/Il7r/Npr3/Basp1/Retreg1/Dcstamp/Angpt1/Arc/Recql4/Il2rb/Mrtfa/Tafa5/Plxnb2/Endou/Acvr1b/Nr4a1/Itga5/Nckap1l/Abat/Ciita/Socs1/Pkp2/Cldn5/Igf2bp2/St6gal1/Masp1/Trp63/P3h2/Apod/Nrros/Parp14/Cd86/Eaf2/Hcls1/Polq/Cd80/Cd200r1/Gbe1/Samsn1/App/Adamts5/Mrap/Runx1/Rps6ka2/Pnldc1/Thbs2/Ccnf/Rpl3l/Chtf18/Hmga1/Mdga1/Abcg1/Cbs/Rasal3/Myo1f/Kifc1/H2-Aa/Hspa1b/Hspa1a/Aif1/Lst1/Tnf/Trim10/H2-M3/Tnfrsf21/Runx2/Nfkbie/Trerf1/Trem2/Plcl2/Uhrf1/Ptprs/Nudt12/Tgif1/Ndc80/Lbh/Slc8a1/Plekhh2/Prkce/Nrxn1/Gapdh-ps15/Egr1/Hbegf/Apbb3/Diaph1/Spry4/Dpysl3/Ticam2/Eno1b/Lox/Zfp608/Cd74/Csf1r/Alpk2/Pmaip1/Gnal/Pcx/Actn3/Ltbp3/Bscl2/Incenp/Dtx4/Fam111a/Lpxn/Anxa1/Fxn/Dock8/Hhex/Rbp4/Entpd1/Pik3ap1/Sfrp5/Got1/Dusp5/Gpam"
"GO:0050789","GO:0050789","regulation of biological process",1374,"1374/2778","St18/Eya1/Ly96/Ankrd23/Npas2/Il1rl1/Fhl2/Slc40a1/Sgo2a/Cdk15/Cd28/Nrp2/Fzd5/Bard1/Fn1/Arpc2/Slc11a1/Prkag3/Pid1/Sp110/A630001G21Rik/Itm2c/Inpp5d/Ramp1/Per2/Gpc1/Gpr35/Bok/Pam/Tnfrsf11a/Serpinb8/Inhbb/Marco/Zranb3/Cxcr4/Il10/Rassf5/Ikbke/Rab7b/Rab29/Cdk18/Nuak2/Cntn2/Btg2/Adora1/Ptpn7/Pkp1/Kif14/Ptprc/Aspm/Rgs1/Rgs18/Pla2g4a/Ptgs2/Ivns1abp/Niban1/Ncf2/Glul/Cacna1e/Ier5/Soat1/Myoc/Fmo4/Fmo1/Dpt/Mpc2/Adcy10/Nuf2/Sh2d1b1/Nos1ap/Fcgr2b/Fcgr4/Fcgr3/Fcer1g/Arhgap30/Ly9/Slamf7/Cd48/Cd84/Pea15a/Casq1/Igsf9/Slamf8/Aim2/Ifi214/Ifi209/Spta1/Cnst/Dusp10/Cenpf/Batf3/Atf3/Nek2/Hsd11b1/Camk1d/Itih5/Prkcq/Vim/Pip4k2a/Apbb1ip/Il1rn/Psd4/Cacna1b/Ptgds/Bmyc/Card9/Agpat2/Slc2a6/Trub2/Prrx2/Ptges/Ncs1/Bbln/Ptges2/Niban2/Traf1/Nek6/Tnfaip6/Neb/Cytip/Grb14/Xirp2/Nostrin/Spc25/Klhl41/Pdk1/Wipf1/Chn1/Ttn/Itga4/Serping1/Slc43a1/Rtn4rl2/Aplnr/Ptprj/Mtch2/Spi1/Mdk/Dgkz/Creb3l1/Mapk8ip1/Hsd17b12/Lrrc4c/Ldlrad3/Cd44/Lmo2/Depdc7/Fmn1/Arhgap11a/Actc1/Rasgrp1/Thbs1/Gpr176/Bub1b/Plcb2/Knstrn/Knl1/Rad51/Nusap1/Ehd4/Epb42/Map1a/Duoxa1/Gatm/Ncaph/Mtln/Bub1/Bcl2l11/Il1b/Sirpa/Siglec1/Adissp/Snx5/Ralgapa2/Cst3/Trib3/Rem1/Tpx2/Mylk2/Hck/E2f1/Trp53inp2/Acss2/Samhd1/Nnat/Lbp/Fam83d/Mafb/Mybl2/Jph2/Ada/Rims4/Ube2c/Neurl2/Ctsa/Pltp/Cd40/Slc2a10/Prex1/B4galt5/Nfatc2/Cass4/Pmepa1/Ctsz/Sycp2/Eef1a2/Syp/Was/Cybb/Mid1ip1/Gpr34/Slc9a7/Syn1/Cfp/Dock11/Sash3/Elf4/Aifm1/Arhgef6/Fgf13/Fmr1/Nsdhl/Xlr4b/Dusp9/Arhgap4/Flna/Dkc1/Dmd/Il2rg/Cxcr3/Tlr13/Cysltr1/P2ry10/P2ry10b/Hmgn5/Srpx2/Btk/Gla/Bex3/Rnf128/Kcne5/Chrdl1/Amot/Pfkfb1/Tro/Klf8/Ptchd1/Asb11/Tmsb4x/Tlr8/Tlr7/Mid1/Pkia/Tpd52/Fabp5/Sirpb1a/Sirpb1b/Sirpb1c/Gm5150/Ect2/Slc2a2/Skil/Usp13/Anxa5/Ccna2/Nudt6/Noct/Postn/Igsf10/P2ry1/Ptx3/Trim59/Bche/Fnip2/Glrb/Tlr2/Kirrel1/Fcrl2/Cd5l/Iqgap3/Tmem79/Fdps/Pbxip1/Dennd4b/S100a4/S100a8/S100a11/Rorc/Tmod4/Tnfaip8l2/Ctsk/Ctss/Ecm1/Ciart/BC028528/Plekho1/Sv2a/H2bc21/Fcgr1/Hjv/Tent5c/Cd2/Atp1a1/Ngf/Ptpn22/Rhoc/Cttnbp2nl/Cd53/Gpsm2/Vav3/Gclm/Synpo2/Tifa/Elovl6/Mcub/Cenpe/Ddit4l/Ccn1/Ddah1/Syde2/Mcoln2/Ptger3/Cth/Lyn/Gem/Ndufaf4/Rragd/Gabrr2/Enho/Cntfr/Arhgef39/Tln1/Glipr2/Melk/Frmpd1/Gabbr2/Cavin4/Svep1/Lpar1/Snx30/Mup2/Mup1/Mup11/Mup3/Alad/Orm3/Ptprd/Elavl2/Jun/Dnajc6/Pde4b/Dhcr24/Cdkn2c/Skint3/Stil/Lurap1/Mutyh/Ptch2/Tmem53/Cdc20/Cdca8/Csf3r/Clspn/Trim62/Marcksl1/Col16a1/Sdc3/Laptm5/Sesn2/Atp5if1/Ptafr/Themis2/Fgr/Rps6ka1/Trim63/Stmn1/Clic4/Cnr2/E2f2/Tcea3/C1qb/C1qc/C1qa/Arhgef10l/Padi2/Mfap2/Fblim1/Dhrs3/Tnfrsf1b/Zfp992/Pik3cd/Slc25a33/Eno1/Per3/Chd5/Kcnab2/C1qtnf12/Isg15/Perm1/Cyp51/Abcb4/Gsap/Nos3/Insig1/Spon2/Tacc3/Nat8l/Zfyve28/Sh3bp2/Htra3/Wfs1/Bst1/Ncapg/Rell1/Tlr1/Tlr6/Fam114a1/Rhoh/Limch1/Tec/Stap1/Rassf6/Pf4/Cxcl2/Btc/Septin11/Bmp3/A930011G23Rik/Gpat3/Arhgap24/Spp1/Crlf2/Gm35315/Sez6l/Selplg/Coro1c/Acacb/Oasl1/Cit/Taok3/Ksr2/Oas1c/Oas1g/Oas1a/Aldh2/Cux2/P2rx7/Rhof/Kntc1/Ccdc62/Vps37b/Kmt5a/Aacs/Ncf1/Lat2/Eln/Mlxipl/Rasa4/Sh2b2/Serpine1/Pilra/Pilrb1/Fam20c/Gna12/Card11/Actb/Daglb/Rasl11a/Alox5ap/Hsph1/Tfpi2/Peg10/Pon1/Asb4/Ppp1r3a/Mdfic/Tfec/Tes/Met/Cadps2/Lep/Hilpda/Irf5/Strip2/Mest/Klf14/Creb3l2/Tbxas1/Zyx/Rarres2/Tmem176a/Gpnmb/Cycs/Tril/Chn2/Mturn/Adcyap1r1/Snca/Hpgds/Tnip3/Ndnf/Gadd45a/Capg/Tmsb10/Mtrnr2l7/Hk2/Dok1/Rab11fip5/Arhgap25/H1f10/Mcm2/Plxna1/Klf15/Hdac11/Fbln2/Lmod3/Bhlhe40/Srgap3/Fancd2/Hrh1/Syn2/Plxnd1/Rassf4/Depp1/Ret/Apobec1/Dppa3/Slc2a3/C3ar1/Clec4a3/Clec4a4/Clec4b1/Clec4a2/Clec4d/Clstn3/Ptpn6/Pianp/Lpar5/Gapdh/Cd9/Rad51ap1/Foxm1/Klrb1a/Klrb1b/Clec12a/Clec7a/Olr1/Grin2b/Arhgdib/Ptpro/Bhlhe41/Bicd1/Cacng6/Pirb/Pira1/Pira6/Pira2/Pira11/Lilra6/Lair1/Tnnt1/Sbk2/Peg3/Usp29/C5ar2/C5ar1/Ptgir/Hif3a/Rtn2/Fosb/Apoc1/Bcl3/Kcnn4/Plaur/Pou2f2/Tgfb1/Pld3/Gmfg/Map4k1/Ryr1/Tyrobp/Hcst/Nfkbid/Hspb6/Cd22/Fxyd5/Ccnb1-ps/Klk8/Rcn3/Cd37/Hrc/Ppfia3/Dbp/Kcnj14/Ldha/E2f8/Arrdc4/Mctp2/Ntrk3/Ticrr/Pex11a/Zfp710/Prc1/Fes/Iqgap1/Homer2/Mex3b/Ddias/Prcp/Thrsp/Aqp11/Pak1/Acer3/Lrrc32/Wnt11/Dgat2/Map6/Arrb1/Ucp2/P2ry6/Arap1/Folr2/Rhog/Hbb-b1/Dchs1/Nlrp10/Ric3/Adm/Mical2/Bmal1/Spon1/Xylt1/Coq7/Gde1/Plk1/Chp2/Prkcb/Il21r/Atp2a1/Coro1a/Aldoa/Tlcd3b/Spn/Itgal/Ctf1/Pycard/Itgam/Itgax/Itgad/Rgs10/Htra1/Ptpre/Mki67/Adam8/Fuom/Paox/Or13a25/Or13a17/Or13a26/Dusp8/Tnni2/Tnnt3/H19/Tspan32/Kcnq1/Mrgpre/Ccnd1/Tpcn2/Akap12/Ulbp1/Zc3h12d/Sash1/Fuca2/Abracl/Arfgef3/H60b/Eya4/Vnn1/Enpp1/Arg1/Akap7/Arhgap18/Trdn/Ddo/Cd24a/Prdm1/Lilrb4b/Lilrb4a/Gja1/Pkib/Smpdl3a/Psap/Vsir/Pcbd1/Egr2/Cdk1/Mmp11/Chchd10/Prmt2/S100b/Col6a2/Col6a1/Col18a1/Itgb2/Pfkl/Cstb/Shc2/Fstl3/Cfd/Kiss1r/Cnn2/Arhgap45/Reep6/Mob3a/Jsrp1/Gadd45b/Pip5k1c/Gna15/Tle6/Nuak1/Ascl1/Parpbp/Plxnc1/Ppfia2/Ptprq/Nap1l1/Hmga2/Rassf3/Ppm1h/Agap2/Arhgap9/Stac3/Stat6/Nab2/Gdf11/Retn/Shcbp1/Irs2/F7/F10/Cln8/Ckap2/Ank1/Tcim/Htra4/Plekha2/Ddhd2/Bag4/Rab11fip1/Ppp1r3b/Mfhas1/Msr1/Acsl1/Asb5/Hpgd/Slc18a1/Gmip/Comp/Gdf15/Jund/Ifi30/Map1s/Myo9b/Slc27a1/Tmem38a/Hmox1/Gapdhrt2/Arhgap10/Gypa/Adgre5/Il27ra/Lyl1/Dnase2a/Junb/Adcy7/Nkd1/Mt2/Mt1/Ccl22/Cx3cl1/Cklf/Cmtm3/Pdp2/Rrad/Tppp3/Plcg2/Osgin1/Cotl1/Irf8/Slc7a5/Cyba/Mvd/Cdt1/Ccsap/Acta1/Cadps/Il3ra/Nr1d2/Gng2/Myoz1/Synpo2l/Plau/Adk/Zfp503/Lrtm1/Cacna1d/Tkt/Prkcd/Mustn1/Itih4/3425401B19Rik/Arhgap22/Shld2/Sncg/Grid1/Ptger2/Samd4/Lgals3/Dlgap5/Or4k6/Or4n4/Or4n4b/Or4m1/Or4q3/Slc7a7/Mmp14/Fitm1/Ripk3/Cma1/Il17d/Ska3/Phf11a/Shisa2/Pbk/Esco2/Cdca2/Slc25a37/Egr3/Hr/Dok2/Gfra2/Lcp1/Diaph3/Kctd12/Acod1/Mycbp2/Dct/Gpr183/Itgbl1/Fgf14/Mmp13/Mmp12/Sesn3/Fut4/Panx1/Fat3/S1pr2/Icam1/Ldlr/Spc24/Angptl8/Anln/Hspa8/Ubash3b/Sorl1/Sc5d/Trim29/Abcg4/C2cd2l/Scn4b/Il10ra/Fxyd2/Apoc3/Cadm1/Dixdc1/Arhgap20/Rab39/Nrg4/Cspg4/Pkm/Kif23/Zwilch/Cilp/Pclaf/Aph1c/Rab8b/Tpm1/C2cd4a/Myo1e/Ccnb2/Aldh1a2/Klhl31/Cgas/Cd109/Irak1bp1/Ttk/Tpbg/Me1/Bcl2a1d/Bcl2a1a/Bcl2a1b/Ctsh/Plscr1/Pxylp1/Spsb4/Rbp1/Ackr4/Tlr9/Ifrd2/Traip/Bsn/Gpx1/Cspg5/Pth1r/Ccrl2/Cmtm7/Vill/Xirp1/Abhd5/Ccr1/Ccr5/Pgam2/Gck/Myo1g/Tns3/Ikzf1/Fignl1/Plek/Pus10/Rel/Sptbn1/Sh3pxd2b/Stk10/Lcp2/Dock2/Insyn2b/Spdl1/Slit3/Cyfip2/Havcr2/Rad50/Tnip1/Anxa6/Slc36a2/Sparc/Obscn/Nlrp3/Pemt/Srebf1/Tnfrsf13b/Mfap4/Adora2b/Trpv2/Shisa6/Gas7/Glp2r/Pik3r5/Aurkb/Cd68/Tnfsf12/Tnk1/Ybx2/Slc2a4/Arrb2/Cxcl16/Zmynd15/Scimp/Nlrp1a/Nlrp1b/Atp2a3/Itgae/P2rx5/Shpk/Trpv1/Trpv3/Aspa/Rap1gap2/Serpinf1/Rilp/Abr/Traf4/Spag5/Ccl2/Ccl7/Slfn2/Ccl5/Ccl9/Ccl6/Ccl3/Ccl4/Myo19/Prr11/Trim25/Nog/Hlf/Tob1/Eme1/Arhgap23/Cacnb1/Stac2/Grb7/Rara/Top2a/Ccr7/Jup/Dhx58/Atp6v0a1/Mlx/Cntnap1/Ccr10/Vat1/Rnd2/Brca1/Tmem106a/Meox1/Dusp3/Mpp2/Slc4a1/Grn/Kif18b/Fmnl1/Myl4/Scn4a/Milr1/Pitpnc1/Map2k6/Kcnj2/Cd300a/Cd300lb/Cd300ld/Cd300c2/Cd300ld2/Cd300ld4/Cd300ld3/Cd300lf/Unc13d/Trim47/Ten1/Ube2o/Septin9/Birc5/Socs3/C1qtnf1/Actg1/Pycr1/Hmga1b/Ccdc57/Metrnl/Ryr2/Gpr137b/Nkapl/H2ac13/H2ac15/H1f5/H2ac22/H2ac23/H2ac24/H2ac12/H2ac11/H2ac10/H2ac7/H2ac6/H2ac4/H1f1/Gmnn/Sox4/Mylk4/Serpinb6b/Serpinb9b/Serpinb6a/Tubb2b/Ly86/Gcnt2/Nedd9/Cd83/Ninj1/Sema4d/Diras2/Syk/Hrh2/Unc5a/Hk3/Rgs14/Pdlim7/Tifab/Ctsl/Cdk20/Adamts16/Mctp1/Rasgrf2/Cmya5/Lhfpl2/Iqgap2/Enc1/Naip2/Naip5/Naip6/Naip1/Ccnb1/Pik3r1/Cd180/Rnf180/Depdc1b/Plk2/Gzma/Ndufs4/Isl1/Parp8/Fkbp1b/Sdc1/Lpin1/Ntsr2/Hpcal1/Rrm2/Id2/Rsad2/Sh3yl1/Fam110c/Pik3cg/Nampt/Ifrd1/Lrrn3/Frmd6/Gpr135/Hspa2/Sptb/Actn1/Fos/Tgfb3/Gpr65/Gpr68/Fbln5/Lgmn/Asb2/Ifi27/Ifi27l2a/Serpina3b/Serpina3i/Serpina3j/Serpina3m/Evl/Pld4/Gpr132/Crip2/Crip1/Tedc1/Ptger4/Dab2/Il7r/Npr3/Basp1/Retreg1/Dcstamp/Angpt1/Sybu/Sqle/Sla/Arc/Ly6h/Dgat1/Recql4/Arhgap39/Pvalb/Csf2rb2/Il2rb/Rac2/Cyth4/Baiap2l2/Grap2/Fam83f/Mrtfa/Tef/Nfam1/Tafa5/Plxnb2/Slc38a1/Endou/Racgap1/Gpd1/Acvr1b/Nr4a1/Itga5/Nckap1l/Ppp1r1a/Abat/Ciita/Socs1/Pkp2/Sdf2l1/P2rx6/Prodh/Cldn5/Clcn2/Ephb3/Igf2bp2/Etv5/St6gal1/Masp1/Trp63/P3h2/Apod/Nrros/Fbxo45/Tnk2/Parp14/Cd86/Eaf2/Hcls1/Polq/Gpr156/Cd80/Cd200r1/Cd200r4/Retnla/Cip2a/Vgll3/Gbe1/Samsn1/App/Adamts5/Tiam1/Mrap/Ifngr2/Runx1/Kcnj15/Ripk4/Rps6ka2/Pnldc1/Acat2/Thbs2/Tnfrsf12a/Ccnf/Rpl3l/Jpt2/Chtf18/Metrn/Hmga1/Mdga1/Abcg1/Cbs/Rasal3/Myo1f/Kifc1/H2-DMa/H2-DMb2/H2-DMb1/H2-Ab1/H2-Aa/H2-Eb1/Gpsm3/Cfb/Hspa1b/Hspa1a/Clic1/Aif1/Lst1/Tnf/H2-Q10/Trim10/Ubd/H2-M3/Tnfrsf21/Pla2g7/Runx2/Nfkbie/Slc29a1/Trerf1/Trem1/Trem2/Nfya/Apobec2/Rftn1/Plcl2/Slc5a7/Adgre4/Ebi3/Uhrf1/Ptprs/Rfx2/C3/Vav1/Adgre1/Nudt12/Rab31/Tgif1/Myom1/Ndc80/Lbh/Ehd3/Nlrc4/Cdkl4/Slc8a1/Plekhh2/Prkce/Nrxn1/Gapdh-ps15/Kif20a/Cdc25c/Egr1/Sting1/Hbegf/Apbb3/Diaph1/Spry4/Dpysl3/Trim36/Ticam2/Eno1b/Lox/Zfp608/Synpo/Cd74/Camk2a/Csf1r/Alpk2/Pmaip1/Gnal/Mc5r/Mc2r/Lipg/Pard6g/Cd226/Cpt1a/Tcirg1/Unc93b1/Gpr152/Pcx/Lrfn4/Actn3/Npas4/Ltbp3/Cdca5/Batf2/Ccdc88b/Fermt3/Bscl2/Incenp/Fads2/Cd6/Slc15a3/Ms4a7/Ms4a6d/Dtx4/Fam111a/Lpxn/Anxa1/Apba1/Fxn/Dock8/Plpp6/Stambpl1/Acta2/Lipa/Kif20b/Ppp1r3c/Kif11/Hhex/Myof/Cep55/Rbp4/Pdlim1/Entpd1/Blnk/Pik3ap1/Sfrp5/Crtac1/Got1/Scd1/Calhm2/Dusp5/Gpam/Afap1l2/Shtn1/Csf2ra"
"GO:0050896","GO:0050896","response to stimulus",1214,"1214/2778","St18/Eya1/Ly96/Mcm3/Gsta3/Neurl3/Ankrd23/Npas2/Il1rl1/Fhl2/Cd28/Nrp2/Fzd5/Bard1/Fn1/Arpc2/Slc11a1/Prkag3/Pid1/Sp110/Itm2c/Inpp5d/Ramp1/Per2/Gpc1/Gpr35/Bok/Pam/Tnfrsf11a/Inhbb/Marco/Zranb3/Mcm6/Cxcr4/Il10/Rassf5/Ikbke/Rab7b/Rab29/Nuak2/Cntn2/Prelp/Btg2/Adora1/Ube2t/Ptpn7/Kif14/Ptprc/Aspm/Rgs1/Rgs18/Pla2g4a/Ptgs2/Ivns1abp/Niban1/Ncf2/Glul/Cacna1e/Ier5/Myoc/Fmo4/Fmo1/Mpc2/Adcy10/Nuf2/Sh2d1b1/Fcgr2b/Fcgr4/Fcgr3/Fcer1g/Adamts4/Arhgap30/Ly9/Slamf7/Cd48/Cd84/Pea15a/Casq1/Slamf9/Slamf8/Aim2/Ifi214/Ifi209/Exo1/Ephx1/Dusp10/Mtarc1/Batf3/Atf3/Mcm10/Camk1d/Prkcq/Vim/Mrc1/Pip4k2a/Apbb1ip/Il1rn/Psd4/Cacna1b/Ptgds/Bmyc/Card9/Agpat2/Prrx2/Ptges/Ncs1/Bbln/Slc25a25/Traf1/Tnfaip6/Grb14/Nostrin/Spc25/Pdk1/Wipf1/Chn1/Ttn/Itga4/Serping1/Ube2l6/Rtn4rl2/Aplnr/Ptprj/Mtch2/Spi1/Mdk/Dgkz/Creb3l1/Mapk8ip1/Cd44/Abtb2/Depdc7/Arhgap11a/Actc1/Rasgrp1/Thbs1/Gpr176/Bub1b/Plcb2/Knstrn/Knl1/Rad51/Ehd4/Duoxa1/Gatm/Bub1/Bcl2l11/Il1b/Sirpa/Siglec1/Adissp/Snx5/Ralgapa2/Cst3/Entpd6/Trib3/Rem1/Mylk2/Hck/E2f1/Samhd1/Nnat/Lbp/Fam83d/Mybl2/Ada/Neurl2/Cd40/Slc2a10/Prex1/Nfatc2/Cass4/Pmepa1/Sycp2/Syp/Was/Cybb/Gpr34/Cfp/Dock11/Sash3/Elf4/Aifm1/Arhgef6/Fgf13/Fmr1/Nsdhl/Xlr4b/Dusp9/Flna/Dmd/Il2rg/Cxcr3/Ercc6l/Tlr13/Cysltr1/P2ry10/P2ry10b/Btk/Gla/Bex3/Chrdl1/Amot/Apex2/Alas2/Pfkfb1/Ptchd1/Car5b/Asb11/Tlr8/Tlr7/Mid1/Pkia/Fabp5/Sirpb1a/Cp/Ect2/Nceh1/Slc2a2/Skil/Usp13/Anxa5/Ccna2/Noct/Mgst2/Postn/P2ry1/Ptx3/Trim59/Bche/Fnip2/Glrb/Tlr2/Fcrl2/Cd5l/Iqgap3/Fdps/Pbxip1/Pmvk/Dennd4b/S100a4/S100a8/Rorc/Tnfaip8l2/Ctsk/Ctss/Ecm1/BC028528/H2bc21/Fcgr1/Hjv/Hmgcs2/Cd2/Atp1a1/Ngf/Ptpn22/Rhoc/Slc25a24/Vav3/Gclm/Tifa/Cenpe/Ddit4l/Ccn1/Ddah1/Syde2/Mcoln2/Ptger3/Cth/Lyn/Ndufaf4/Rragd/Enho/Cntfr/Car9/Tln1/Glipr2/Melk/Frmpd1/Gabbr2/Cavin4/Mexis/Svep1/Lpar1/Mup2/Mup1/Mup11/Mup3/Alad/Orm3/Ptprd/Elavl2/Jun/Pde4b/Dhcr24/Skint3/Stil/Rad54l/Lurap1/Mutyh/Ptch2/Tmem53/B4galt2/Cdc20/Cdca8/Csf3r/Oscp1/Clspn/Trim62/Col16a1/Laptm5/Sesn2/Atp5if1/Ptafr/Themis2/Fgr/Rps6ka1/Cd52/Trim63/Stmn1/Man1c1/Clic4/Cnr2/E2f2/C1qb/C1qc/C1qa/Arhgef10l/Padi2/Dhrs3/Tnfrsf1b/Pik3cd/Slc25a33/Slc2a5/Eno1/Per3/Chd5/C1qtnf12/Isg15/Perm1/Steap2/Abcb4/Nos3/Insig1/Kcnk3/Spon2/Tacc3/Poln/Zfyve28/Sh3bp2/Htra3/Wfs1/Bst1/Sod3/Rell1/Tlr1/Tlr6/Fam114a1/Rhoh/Tec/Stap1/Rassf6/Pf4/Cxcl2/Btc/Bmp3/A930011G23Rik/Gpat3/Arhgap24/Spp1/Crlf2/Sez6l/Acacb/Gltp/Oasl1/Cit/Taok3/Ksr2/Oas1c/Oas1g/Oas1a/Aldh2/Cux2/P2rx7/Rhof/Kntc1/Ccdc62/Kmt5a/Aacs/Psph/Ncf1/Lat2/Mlxipl/Rasa4/Sh2b2/Serpine1/Pilra/Fam20c/Gna12/Card11/Actb/Daglb/Alox5ap/Hsph1/Tfpi2/Peg10/Pon1/Asb4/Slc25a13/Mdfic/Tfec/Met/Cadps2/Lep/Hilpda/Irf5/Mest/Klf14/Bpgm/Creb3l2/Tbxas1/Zyx/Rarres2/Gpnmb/Cycs/Tril/Chn2/Mturn/Adcyap1r1/Snca/Hpgds/Tnip3/Ndnf/Gadd45a/Capg/Hk2/Dok1/Rab11fip5/2310040G24Rik/Arhgap25/Mcm2/Plxna1/Klf15/Bhlhe40/Srgap3/Fancd2/Hrh1/Plxnd1/Rassf4/Ret/Apobec1/C3ar1/Clec4a1/Clec4a3/Clec4a4/Clec4b1/Clec4a2/Clec4d/Ptpn6/Pianp/Lpar5/Gapdh/Cd9/Rad51ap1/Foxm1/Klrb1a/Klrb1b/Clec12a/Clec7a/Olr1/Grin2b/Arhgdib/Ptpro/Gys2/Bicd1/Pirb/Pira6/Pira2/Pira11/Lilra6/Lair1/Tnnt1/Sbk2/Usp29/Lig1/C5ar2/C5ar1/Ptgir/Hif3a/Fosb/Ckm/Bcl3/Kcnn4/Plaur/Pou2f2/Tgfb1/Cyp2f2/Pld3/Rps16/Gmfg/Map4k1/Ryr1/Tyrobp/Hcst/Nfkbid/Hspb6/Cd22/Ccnb1-ps/Klk8/Rcn3/Cd37/Ntrk3/Ticrr/Pex11a/Fes/Iqgap1/Homer2/Ddias/Prcp/Thrsp/Aqp11/Pak1/Acer3/Lrrc32/Wnt11/Dgat2/Arrb1/Ucp2/P2ry6/Arap1/Folr2/Rhog/Hbb-b1/Dchs1/Nlrp10/Adm/Bmal1/Xylt1/Coq7/Gde1/Uqcrc2/Plk1/Chp2/Prkcb/Il21r/Atp2a1/Sult1a1/Coro1a/Kif22/Spn/Mylpf/Itgal/Ctf1/Pycard/Itgam/Itgax/Itgad/Rgs10/Htra1/Ptpre/Adam8/Or13a25/Or13a17/Or13a26/Cyp2e1/Dusp8/Tspan32/Kcnq1/Mrgpre/Ccnd1/Tpcn2/Akap12/Ulbp1/Sash1/Fuca2/Arfgef3/H60b/Eya4/Vnn1/Enpp1/Arg1/Akap7/Arhgap18/Trdn/Cd24a/Prdm1/Lilrb4b/Lilrb4a/Gja1/Smpdl3a/Psap/Vsir/Egr2/Cdk1/Chchd10/Prmt2/S100b/Col6a2/Col6a1/Itgb2/Pfkl/Shc2/Fstl3/Cfd/Kiss1r/Cnn2/Arhgap45/Reep6/Mob3a/Gadd45b/Pip5k1c/Gna15/Tle6/Nuak1/Stab2/Ascl1/Parpbp/Gas2l3/Ndufa12/Plxnc1/Ptprq/Lyz2/Lyz1/Hmga2/Rassf3/Ppm1h/Agap2/Arhgap9/Stat6/Gdf11/Retn/Shcbp1/Irs2/Rab20/F7/F10/Ank1/Tcim/Ddhd2/Bag4/Mfhas1/Acsl1/Asb5/Hpgd/Marchf1/Gmip/Comp/Gdf15/Jund/Myo9b/Slc27a1/Tmem38a/Hmox1/Mcm5/Gapdhrt2/Arhgap10/Gypa/Adgre5/Il27ra/Dnase2a/Junb/Adcy7/Nkd1/Mt2/Mt1/Ccl22/Cx3cl1/Cklf/Cmtm3/Pdp2/Mtss2/Pkd1l2/Plcg2/Osgin1/Cotl1/Irf8/Slc7a5/Cyba/Cdt1/Acta1/Il3ra/Nr1d2/Gng2/Myoz1/Synpo2l/Plau/Adk/Lrtm1/Cacna1d/Prkcd/Itih4/3425401B19Rik/Wdfy4/Arhgap22/Shld2/Sncg/Ear1/Ear10/Ear2/Ptger2/Lgals3/Or4k6/Or4n4/Or4n4b/Or4m1/Or4q3/Rnase6/Mmp14/Ripk3/Cma1/Il17d/Ska3/Phf11a/Shisa2/Ctsb/Pbk/Esco2/Egr3/Dok2/Gfra2/Lcp1/Epsti1/Diaph3/Kctd12/Acod1/Mycbp2/Dct/Gpr183/Itgbl1/Fgf14/Mmp13/Mmp12/Sesn3/Endod1/Fut4/Panx1/S1pr2/Icam1/Ldlr/Spc24/Angptl8/Hspa8/Ubash3b/Sorl1/Trim29/Abcg4/C2cd2l/Il10ra/Apoc3/Cadm1/Dixdc1/Arhgap20/Rab39/Nrg4/Pstpip1/Cspg4/Pkm/Zwilch/Cilp/Pclaf/Aph1c/Tpm1/C2cd4a/Myo1e/Aldh1a2/Klhl31/Gsta4/Cgas/Cd109/Irak1bp1/Ttk/Tpbg/Me1/Bcl2a1d/Bcl2a1a/Bcl2a1b/Ctsh/Plscr1/Slc9a9/Pcolce2/Spsb4/Nmnat3/Rbp1/Ackr4/Tlr9/Alas1/Traip/Gpx1/Cspg5/Pth1r/Ccrl2/Glb1/Cmtm7/Xirp1/Ccr1/Ccr5/Dusp18/Pgam2/Gck/Myo1g/Tns3/Fignl1/Plek/Rel/Sptbn1/Hba-a1/Hba-a2/Stk10/Lcp2/Dock2/Insyn2b/Spdl1/Slit3/Cyfip2/Havcr2/Trim7/Gm5431/Gm12185/9930111J21Rik1/Tgtp1/Tgtp2/Ifi47/Rad50/Tnip1/Anxa6/Sparc/Obscn/Nlrp3/Pemt/Srebf1/Tnfrsf13b/Mfap4/Adora2b/Trpv2/Shisa6/Myh2/Myh4/Myh13/Glp2r/Pik3r5/Aurkb/Cd68/Tnfsf12/Tnk1/Slc2a4/Mgl2/Clec10a/Arrb2/Cxcl16/Scimp/Nlrp1a/Nlrp1b/Atp2a3/Itgae/P2rx5/Shpk/Trpv1/Trpv3/Rap1gap2/Serpinf1/Abr/Traf4/Ccl2/Ccl7/Slfn9/Slfn8/Slfn2/Ccl5/Ccl9/Ccl6/Ccl3/Ccl4/Wfdc21/Acaca/Trim25/Nog/Tob1/Eme1/Arhgap23/Cacnb1/Tcap/Grb7/Rara/Top2a/Ccr7/Jup/Dhx58/Mlx/Ccr10/Rnd2/Brca1/Tmem106a/Dusp3/Mpp2/Hrob/Slc4a1/Grn/Milr1/Pitpnc1/Map2k6/Kcnj2/Cd300a/Cd300lb/Cd300ld/Cd300c2/Cd300ld2/Cd300ld4/Cd300ld3/Cd300lf/Unc13d/Ube2o/Birc5/Socs3/C1qtnf1/Nptx1/Actg1/Pycr1/Hmga1b/Fasn/Metrnl/Akr1c12/Idi1/Ryr2/Gpr137b/H2bc12/Sox4/Uqcrfs1/Mylk4/Serpinb6b/Serpinb9b/Serpinb6a/Tubb2b/Ly86/Gcnt2/Nedd9/Cd83/Tpmt/Ninj1/Sema4d/Diras2/Syk/Hrh2/Unc5a/Hk3/Rgs14/Tifab/Ctsl/Cdk20/Mctp1/Rasgrf2/Cmya5/Iqgap2/Naip2/Naip5/Naip6/Naip1/Ccnb1/Pik3r1/Cd180/Depdc1b/Gapt/Plk2/Ccno/Gpx8/Gzma/Ndufs4/Isl1/Parp8/Fkbp1b/Sdc1/Lpin1/Ntsr2/Hpcal1/Id2/Rsad2/Fam110c/Pik3cg/Nampt/Immp2l/Pygl/Frmd6/Gpr135/Hspa2/Tmem229b/Rdh11/Fos/Tgfb3/Gpr65/Gpr68/Fbln5/Lgmn/Unc79/Asb2/Ifi27/Ifi27l2a/Serpina3i/Serpina3m/Evl/Pld4/Gpr132/Crip1/Tedc1/Ptger4/Dab2/Il7r/Npr3/Dcstamp/Angpt1/Sybu/Sqle/Sla/Arc/Ly6h/Cyc1/Recql4/Arhgap39/Apol11a/Csf2rb2/Il2rb/Rac2/Cyth4/Grap2/Fam83f/Mrtfa/Pmm1/Nfam1/Pnpla3/Tafa5/Plxnb2/Endou/Racgap1/Gpd1/Bin2/Acvr1b/Nr4a1/Itga5/Nckap1l/Ppp1r1a/Abat/Ciita/Socs1/Sdf2l1/P2rx6/Prodh/Cldn5/Cyp2ab1/Clcn2/Ephb3/Etv5/St6gal1/Masp1/Trp63/Apod/Nrros/Fbxo45/Tnk2/Parp14/Cd86/Eaf2/Hcls1/Polq/Gpr156/Cd80/Cd200r1/Cd200r4/Retnla/Cip2a/St3gal6/Samsn1/App/Adamts5/Tiam1/Mrap/Ifngr2/Runx1/Chaf1b/Rps6ka2/Mpc1/Tnfrsf12a/Jpt2/Hmga1/Fkbp5/Abcg1/Cbs/Rasal3/Myo1f/H2-DMa/H2-DMb2/H2-DMb1/H2-Ab1/H2-Aa/H2-Eb1/Gpsm3/Cfb/Hspa1b/Hspa1a/Aif1/Lst1/Tnf/H2-Q10/Trim10/Ubd/H2-M3/Tnfrsf21/Pla2g7/Runx2/Slc29a1/Trerf1/Trem1/Trem2/Rftn1/Plcl2/Adgre4/Ebi3/Uhrf1/Ptprs/Rfx2/C3/Vav1/Adgre1/Rab31/Tgif1/Myom1/Ndc80/Lbh/Nlrc4/Slc8a1/Prkce/Nrxn1/Gapdh-ps15/Egr1/Sting1/Hbegf/Diaph1/Spry4/Dpysl3/Ticam2/Cdo1/Eno1b/Lox/Synpo/Cd74/Camk2a/Csf1r/Alpk2/Pmaip1/Gnal/Mc5r/Mc2r/Lipg/Cd226/Cpt1a/Tcirg1/Aldh3b1/Unc93b1/Gpr152/Actn3/Npas4/Ltbp3/Cdca5/Batf2/Pygm/Ccdc88b/Fermt3/Slc3a2/Incenp/Fads2/Fads1/Cd6/Slc15a3/Ms4a7/Ms4a6d/Mpeg1/Dtx4/Fam111a/Lpxn/Anxa1/Aldh1a7/Fxn/Dock8/Plpp6/Stambpl1/Acta2/Lipa/Hhex/Myof/Cep55/Rbp4/Pdlim1/Aldh18a1/Entpd1/Blnk/Pik3ap1/Sfrp5/Got1/Scd3/Scd2/Scd4/Scd1/Calhm2/Dusp5/Gpam/Afap1l2/Shtn1/Csf2ra/ND1/COX1/COX2/ATP6/ND3/ND4/ND5/ND6/CYTB"
"GO:0051179","GO:0051179","localization",696,"696/2778","Slco5a1/Neurl3/Cnnm3/Slc9a4/Slc40a1/Sgo2a/Ndufs1/Bard1/Arpc2/Slc11a1/Ap1s3/Slc19a3/Pid1/Arl4c/Ramp1/Per2/Ndufa10/Gpc1/Gpr35/Bok/Tnfrsf11a/Inhbb/Tmem37/Marco/Cxcr4/Rassf5/Ikbke/Rab7b/Rab29/Nuak2/Cntn2/Adora1/Pkp1/Kif21b/Kif14/Ptprc/Aspm/Pla2g4a/Ptgs2/Ncf2/Glul/Cacna1e/Soat1/Mpc2/Adcy10/Nuf2/Fcgr2b/Fcgr4/Fcgr3/Fcer1g/Cd84/Pea15a/Casq1/Cnst/Cenpf/Nsl1/Nek2/Camk1d/Sec61a2/Atp5f1c/Prkcq/Mrc1/Pip4k2a/Il1rn/Cacna1b/Ptgds/Slc2a6/Ptges/Ncs1/Ptges2/Slc25a25/Niban2/Tnfaip6/Xirp2/Nostrin/Spc25/Wipf1/Atp5mc3/Ttn/Itga4/Slc43a1/Aplnr/Ptprj/Mtch2/Spi1/Creb3l1/Pex16/Frey1/Mapk8ip1/Ldlrad3/Cd44/Rasgrp1/Thbs1/Bub1b/Plcb2/Knstrn/Knl1/Nusap1/Sptbn5/Ehd4/Map1a/Duoxa1/Atp8b4/Mtln/Bcl2l11/Il1b/Sirpa/Siglec1/Snx5/Ralgapa2/Trib3/Rem1/Mylk2/Hck/Trp53inp2/Nnat/Lbp/Fam83d/Jph2/Ada/Rims4/Pltp/Slc13a3/Slc2a10/Syp/Kcnd1/Was/Cybb/Slc9a7/Rp2/Syn1/Cfp/Slc25a43/Aifm1/Fgf13/Fmr1/Xlr4b/Slc6a8/Flna/Dkc1/Dmd/Il2rg/Cxcr3/Cysltr1/Btk/Gla/Kcne5/Chrdl1/Amot/Reps2/Tmsb4x/Mid1/Pkia/Fabp5/Sirpb1a/Sirpb1b/Sirpb1c/Gm5150/Cp/Ect2/Slc2a2/Anxa5/P2ry1/Ptx3/Tmem144/Glrb/Tlr2/Tmem79/S100a6/S100a8/Ctss/Sv2a/Fcgr1/Atp1a1/Ngf/Ptpn22/Cttnbp2nl/Cd53/Gpsm2/Slc25a24/Vav3/Sec24d/Mcub/Cenpe/Mcoln2/Ptger3/Lyn/Gem/Atp6v0d2/Gabrr2/Car9/Frmpd1/Stra6l/Mexis/Lpar1/Snx30/Mup2/Mup1/Mup11/Mup3/Dnajc6/Dhcr24/Stil/Tmem53/Cdca8/Oscp1/Laptm5/Sesn2/Atp5if1/Ptafr/Fgr/Sytl1/Clic4/Nipal3/Tnfrsf1b/Slc25a33/Slc2a5/Kcnab2/C1qtnf12/Isg15/Cyp51/Steap2/Abcb4/Nos3/Atg9b/Insig1/Kcnk3/Cenpa/Slc5a6/Spon2/Tacc3/Nat8l/Wfs1/Stap1/Stbd1/Septin11/Spp1/Abcg3/Atp5me/Coro1c/Acacb/Gltp/Cit/P2rx7/Kntc1/Vps37b/Aacs/Ncf1/Lat2/Sh2b2/Serpine1/Micall2/Snx8/Ttyh3/Actb/Peg10/Pon1/Slc25a13/Mdfic/Met/Cadps2/Lep/Hilpda/Tspan33/Mest/Bpgm/Creb3l2/Clcn1/Osbpl3/Adcyap1r1/Snca/Tmsb10/Hk2/Rab11fip5/Arhgap25/Klf15/Slc41a3/Nup210/Hrh1/Syn2/Slc6a13/Apobec1/Slc2a3/Clec4b1/Clstn3/Ptpn6/Pianp/Cd9/Clec7a/Olr1/Grin2b/Slc15a5/Bicd1/Cacng6/Slc1a5/Rtn2/Apoc1/Bcl3/Kcnn4/Pou2f2/Tgfb1/Rinl/Ryr1/Kcnk6/Tyrobp/Cd22/Fxyd5/Ccnb1-ps/Rcn3/Hrc/Ppfia3/Kcnj14/Arrdc4/Mctp2/Mfge8/Fes/Iqgap1/Homer2/Mex3b/Aqp11/Pak1/Lrrc32/Wnt11/Dgat2/Map6/Arrb1/Ucp2/Dnajb13/P2ry6/Folr2/Rhog/Hbb-b1/Dchs1/Ric3/Adm/Bmal1/Plk1/Chp2/Prkcb/Atp2a1/Coro1a/Kif22/Itgal/Pycard/Itgam/Adam8/Kcnq1/Ccnd1/Tpcn2/Pex3/Slc2a12/Enpp1/Arg1/Akap7/Trdn/Calhm5/Cd24a/Lilrb4b/Lilrb4a/Gja1/Psap/Egr2/Cdk1/Chchd10/Col6a1/Itgb2/Pfkl/Kiss1r/Cnn2/Reep6/Jsrp1/Pip5k1c/Tle6/Slc41a2/Stab2/Ppfia2/Hmga2/Agap2/B4galnt1/Stac3/Retn/Irs2/Rab20/Cln8/Ap3m2/Ank1/Bag4/Rab11fip1/Mfhas1/Msr1/Acsl1/Slc18a1/Atp6v1b2/Comp/Map1s/Slc27a1/Tmem38a/Hmox1/Snx20/Cx3cl1/Cklf/Rrad/Plcg2/Irf8/Slc7a5/Cyba/Cdt1/Aprt/Cadps/Cacna1d/Prkcd/Sncg/Grid1/Lgals3/Dlgap5/Slc7a7/Mmp14/Slc7a8/Fitm1/Ska3/Arl11/Esco2/Slc25a37/Lcp1/Epsti1/Diaph3/Mycbp2/Fgf14/Mmp13/Mmp12/Panx1/Hephl1/Icam1/Ldlr/Spc24/Slc37a2/Hspa8/Ubash3b/Sorl1/Trim29/Abcg4/C2cd2l/Atp5mg/Scn4b/Il10ra/Fxyd2/Apoc3/Rab39/Pstpip1/Hexa/Zwilch/Rab8b/Myo1e/Ttk/Tpbg/Plscr1/Slc9a9/Rbp1/Ackr4/Tlr9/Bsn/Map4/Cspg5/Xirp1/Abhd5/Ccr1/Ccr5/Dusp18/Slc35e4/Gck/Myo1g/Ikzf1/Plek/Slc1a4/Mdh1/Sptbn1/Hba-a1/Sh3pxd2b/Dock2/Spdl1/Hmmr/Anxa6/Slc36a2/Srebf1/Adora2b/Trpv2/Mmgt2/Shisa6/Aurkb/Cd68/Slc2a4/Arrb2/Cxcl16/Atp2a3/P2rx5/Emc6/Trpv1/Trpv3/Rilp/Abr/Spag5/Ccl2/Ccl5/Ccl3/Myo19/Trim25/Abcc3/Lasp1/Cacnb1/Stac2/Rara/Tns4/Ccr7/Jup/Odad4/Atp6v0a1/Mlx/Cntnap1/Brca1/Slc4a1/Grn/Mrc2/Scn4a/Milr1/Pitpnc1/Abca9/Map2k6/Kcnj2/Cd300a/Cd300lf/Unc13d/Ube2o/Septin9/Birc5/C1qtnf1/Nptx1/Actg1/Slc25a10/Slc16a3/Ryr2/Gpr137b/H1f5/H2ac4/H1f1/Sox4/Uqcrfs1/Nedd9/Syk/Sfxn1/Hrh2/Rgs14/Tifab/Klhl3/Cdk20/Mctp1/Rasgrf2/Ccnb1/Pik3r1/Plk2/Ndufs4/Isl1/Emb/Efr3b/Fkbp1b/Sdc1/Rsad2/Pik3cg/Immp2l/Frmd6/Timm9/Hspa2/Tgfb3/Kcnk13/Gpr68/Fbln5/Ifi27/Tnfaip2/Pld4/Ptger4/Dab2/Npr3/Angpt1/Sybu/Sqle/Arc/Cyc1/Dgat1/Apol11a/Ncf4/Tst/Il2rb/Rac2/Slc38a1/Endou/Racgap1/Bin2/Nr4a1/Nckap1l/Abat/Pkp2/P2rx6/Slc25a1/Clcn2/Igf2bp2/Etv5/Apod/Nrros/Fbxo45/Tnk2/Hcls1/Filip1l/App/Tiam1/Mrap/Runx1/Dop1b/Kcnj15/Zdhhc14/Synj2/Mpc1/Abca17/Jpt2/Nme4/Hmga1/Abcg1/Myo1f/Kifc1/H2-DMa/Hspa1a/Clic1/Aif1/Tnf/Nfkbie/Slc29a1/Trem2/Rftn1/Slc5a7/C3/Vav1/Rab31/Myom1/Ndc80/Ehd3/Slc8a1/Prkce/Nrxn1/Kif20a/Sting1/Apbb3/Diaph1/Ticam2/Cdo1/Marchf3/Cd74/Camk2a/Pmaip1/Prelid3a/Lipg/Pard6g/Slc66a2/Cpt1a/Tcirg1/Unc93b1/Cdca5/Ccdc88b/Slc3a2/Bscl2/Incenp/Rab3il1/Slc15a3/Mpeg1/Anxa1/Apba1/Fxn/Lipa/Kif20b/Ppp1r3c/Hhex/Cep55/Rbp4/Entpd1/Got1/Sfxn3/Calhm2/ND1/COX1/COX2/ATP8/ATP6/COX3/ND3/ND4L/ND4/ND5/ND6/CYTB"
"GO:0051703","GO:0051703","biological process involved in intraspecies interaction between organisms",11,"11/2778","Il1b/Fmr1/Ptchd1/Pianp/Kcnq1/Cln8/Grid1/Efr3b/Trem2/Nrxn1/Npas4"
"GO:0065007","GO:0065007","biological regulation",1420,"1420/2778","St18/Eya1/Ly96/Ankrd23/Npas2/Il1rl1/Slc9a4/Fhl2/Slc40a1/Sgo2a/Cdk15/Cd28/Nrp2/Ndufs1/Fzd5/Akr1cl/Bard1/Fn1/Arpc2/Slc11a1/Prkag3/Pid1/Sp110/A630001G21Rik/Itm2c/Inpp5d/Ramp1/Per2/Gpc1/Gpr35/Bok/Pam/Tnfrsf11a/Serpinb8/Inhbb/Marco/Zranb3/Cxcr4/Il10/Rassf5/Ikbke/Rab7b/Rab29/Cdk18/Nuak2/Cntn2/Btg2/Adora1/Ptpn7/Pkp1/Kif21b/Kif14/Ptprc/Aspm/Rgs1/Rgs18/Pla2g4a/Ptgs2/Ivns1abp/Niban1/Ncf2/Glul/Cacna1e/Ier5/Soat1/Myoc/Fmo4/Fmo1/Dpt/Mpc2/Adcy10/Nuf2/Sh2d1b1/Nos1ap/Fcgr2b/Fcgr4/Fcgr3/Fcer1g/Arhgap30/Ly9/Slamf7/Cd48/Cd84/Pea15a/Casq1/Igsf9/Slamf8/Aim2/Ifi214/Ifi209/Spta1/Cnst/Dusp10/Cenpf/Batf3/Atf3/Nek2/Hsd11b1/Camk1d/Itih5/Prkcq/Vim/Pip4k2a/Apbb1ip/Il1rn/Psd4/Cacna1b/Ptgds/Bmyc/Card9/Agpat2/Slc2a6/Trub2/Prrx2/Ptges/Ncs1/Bbln/Ptges2/Niban2/Traf1/Nek6/Tnfaip6/Neb/Cytip/Grb14/Xirp2/Nostrin/Spc25/Dhrs9/Klhl41/Pdk1/Wipf1/Chn1/Ttn/Itga4/Serping1/Slc43a1/Rtn4rl2/Aplnr/Ptprj/Mtch2/Spi1/Mdk/Dgkz/Creb3l1/Mapk8ip1/Hsd17b12/Lrrc4c/Ldlrad3/Cd44/Lmo2/Depdc7/Fmn1/Arhgap11a/Actc1/Rasgrp1/Thbs1/Gpr176/Bub1b/Plcb2/Knstrn/Knl1/Rad51/Nusap1/Ehd4/Epb42/Map1a/Duoxa1/Gatm/Atp8b4/Ncaph/Mtln/Bub1/Bcl2l11/Il1b/Sirpa/Siglec1/Adissp/Snx5/Ralgapa2/Cst3/Trib3/Rem1/Tpx2/Mylk2/Hck/E2f1/Trp53inp2/Acss2/Samhd1/Nnat/Lbp/Fam83d/Mafb/Mybl2/Jph2/Ada/Rims4/Ube2c/Neurl2/Ctsa/Pltp/Cd40/Slc2a10/Prex1/B4galt5/Nfatc2/Cass4/Pmepa1/Ctsz/Sycp2/Eef1a2/Syp/Kcnd1/Was/Cybb/Mid1ip1/Gpr34/Slc9a7/Syn1/Cfp/Dock11/Sash3/Elf4/Aifm1/Arhgef6/Fgf13/Fmr1/Nsdhl/Xlr4b/Dusp9/Arhgap4/Flna/Dkc1/Dmd/Il2rg/Cxcr3/Tlr13/Cysltr1/P2ry10/P2ry10b/Hmgn5/Gm6377/Srpx2/Btk/Gla/Bex3/Rnf128/Kcne5/Chrdl1/Amot/Pfkfb1/Tro/Klf8/Ptchd1/Asb11/Tmsb4x/Tlr8/Tlr7/Mid1/Pkia/Tpd52/Fabp5/Sirpb1a/Sirpb1b/Sirpb1c/Gm5150/Cpa3/Ect2/Slc2a2/Skil/Usp13/Anxa5/Ccna2/Nudt6/Noct/Postn/Igsf10/P2ry1/Ptx3/Trim59/Bche/Fnip2/Glrb/Tlr2/Kirrel1/Fcrl2/Cd5l/Iqgap3/Tmem79/Fdps/Pbxip1/Dennd4b/S100a4/S100a8/S100a11/Rorc/Tmod4/Tnfaip8l2/Ctsk/Ctss/Ecm1/Ciart/BC028528/Plekho1/Sv2a/H2bc21/Fcgr1/Hjv/Tent5c/Cd2/Atp1a1/Ngf/Ptpn22/Rhoc/Cttnbp2nl/Cd53/Gpsm2/Vav3/Gclm/Synpo2/Tifa/Enpep/Elovl6/Mcub/Cenpe/Ddit4l/Ccn1/Ddah1/Syde2/Mcoln2/Ptger3/Cth/Lyn/Gem/Atp6v0d2/Ndufaf4/Rragd/Gabrr2/Enho/Cntfr/Arhgef39/Tpm2/Tln1/Glipr2/Melk/Frmpd1/Gabbr2/Cavin4/Svep1/Lpar1/Snx30/Mup2/Mup1/Mup11/Mup3/Alad/Orm3/Ptprd/Elavl2/Jun/Dnajc6/Pde4b/Dhcr24/Cdkn2c/Skint3/Stil/Lurap1/Mutyh/Ptch2/Tmem53/Cdc20/Cdca8/Csf3r/Clspn/Trim62/Marcksl1/Col16a1/Sdc3/Laptm5/Sesn2/Atp5if1/Ptafr/Themis2/Fgr/Rps6ka1/Cd52/Trim63/Stmn1/Clic4/Cnr2/E2f2/Tcea3/C1qb/C1qc/C1qa/Arhgef10l/Padi2/Mfap2/Fblim1/Dhrs3/Tnfrsf1b/Zfp992/Pik3cd/Slc25a33/Slc2a5/Eno1/Per3/Chd5/Kcnab2/C1qtnf12/Isg15/Perm1/Cyp51/Abcb4/Gsap/Nos3/Atg9b/Insig1/Kcnk3/Spon2/Tacc3/Nat8l/Zfyve28/Sh3bp2/Htra3/Wfs1/Bst1/Ncapg/Sod3/Rell1/Tlr1/Tlr6/Fam114a1/Rhoh/Limch1/Tec/Stap1/Rassf6/Pf4/Cxcl2/Btc/Septin11/Bmp3/A930011G23Rik/Gpat3/Arhgap24/Spp1/Crlf2/Gm35315/Sez6l/Selplg/Coro1c/Acacb/Oasl1/Cit/Taok3/Ksr2/Oas1c/Oas1g/Oas1a/Aldh2/Cux2/P2rx7/Rhof/Kntc1/Ccdc62/Vps37b/Kmt5a/Aacs/Ncf1/Lat2/Eln/Mlxipl/Rasa4/Sh2b2/Serpine1/Pilra/Pilrb1/Fam20c/Adap1/Gna12/Card11/Actb/Daglb/Rasl11a/Alox5ap/Hsph1/Tfpi2/Peg10/Pon1/Asb4/Ppp1r3a/Mdfic/Tfec/Tes/Met/Cadps2/Lep/Hilpda/Irf5/Strip2/Mest/Klf14/Creb3l2/Tbxas1/Clcn1/Zyx/Rarres2/Tmem176a/Gpnmb/Cycs/Tril/Chn2/Mturn/Adcyap1r1/Pyurf/Snca/Hpgds/Tnip3/Ndnf/Gadd45a/Capg/Tmsb10/Mtrnr2l7/Hk2/Dok1/Rab11fip5/Arhgap25/H1f10/Mcm2/Plxna1/Klf15/Hdac11/Fbln2/Lmod3/Bhlhe40/Srgap3/Fancd2/Hrh1/Syn2/Plxnd1/Rassf4/Depp1/Ret/Apobec1/Dppa3/Slc2a3/C3ar1/Clec4a3/Clec4a4/Clec4b1/Clec4a2/Clec4d/Clstn3/Ptpn6/Pianp/Lpar5/Gapdh/Cd9/Rad51ap1/Foxm1/Klrb1a/Klrb1b/Clec12a/Clec7a/Olr1/Grin2b/Arhgdib/Ptpro/Bhlhe41/Bicd1/Cacng6/Pirb/Pira1/Pira6/Pira2/Pira11/Lilra6/Lair1/Tnnt1/Sbk2/Peg3/Usp29/C5ar2/C5ar1/Ptgir/Hif3a/Rtn2/Fosb/Apoc1/Bcl3/Kcnn4/Plaur/Pou2f2/Tgfb1/Pld3/Gmfg/Map4k1/Ryr1/Kcnk6/Tyrobp/Hcst/Nfkbid/Hspb6/Cd22/Fxyd5/Ccnb1-ps/Klk8/Rcn3/Cd37/Hrc/Ppfia3/Dbp/Kcnj14/Ldha/E2f8/Arrdc4/Mctp2/Ntrk3/Ticrr/Pex11a/Zfp710/Prc1/Fes/Iqgap1/Homer2/Mex3b/Ddias/Prcp/Thrsp/Aqp11/Pak1/Acer3/Lrrc32/Wnt11/Dgat2/Map6/Arrb1/Ucp2/P2ry6/Arap1/Folr2/Rhog/Hbb-b1/Dchs1/Nlrp10/Ric3/Adm/Mical2/Bmal1/Spon1/Plekha7/Xylt1/Coq7/Gde1/Plk1/Chp2/Prkcb/Il21r/Atp2a1/Sult1a1/Coro1a/Aldoa/Tlcd3b/Spn/Itgal/Ctf1/Pycard/Itgam/Itgax/Itgad/Rgs10/Htra1/Ptpre/Mki67/Adam8/Fuom/Paox/Or13a25/Or13a17/Or13a26/Dusp8/Tnni2/Tnnt3/H19/Tspan32/Kcnq1/Mrgpre/Ccnd1/Tpcn2/Akap12/Ulbp1/Zc3h12d/Sash1/Fuca2/Abracl/Arfgef3/H60b/Eya4/Vnn1/Enpp1/Arg1/Akap7/Arhgap18/Trdn/Ddo/Cd24a/Prdm1/Popdc3/Lilrb4b/Lilrb4a/Gja1/Pkib/Smpdl3a/Psap/Vsir/Pcbd1/Egr2/Cdk1/Mmp11/Chchd10/Prmt2/S100b/Lss/Col6a2/Col6a1/Col18a1/Itgb2/Pfkl/Cstb/Shc2/Fstl3/Cfd/Kiss1r/Cnn2/Arhgap45/Pcsk4/Reep6/Mob3a/Jsrp1/Gadd45b/Pip5k1c/Gna15/Tle6/Nuak1/Ascl1/Parpbp/Plxnc1/Ppfia2/Ptprq/Nap1l1/Hmga2/Rassf3/Ppm1h/Agap2/Arhgap9/Stac3/Stat6/Nab2/Gdf11/Retn/Shcbp1/Irs2/Rab20/F7/F10/Cln8/Ckap2/Ank1/Tcim/Htra4/Plekha2/Ddhd2/Bag4/Rab11fip1/Ppp1r3b/Mfhas1/Msr1/Acsl1/Asb5/Hpgd/Slc18a1/Atp6v1b2/Gmip/Comp/Gdf15/Jund/Ifi30/Map1s/Myo9b/Slc27a1/Tmem38a/Hmox1/Gapdhrt2/Arhgap10/Gypa/Adgre5/Il27ra/Lyl1/Dnase2a/Junb/Adcy7/Nkd1/Mt2/Mt1/Ccl22/Cx3cl1/Cklf/Cmtm3/Pdp2/Rrad/Tppp3/Mtss2/Plcg2/Osgin1/Cotl1/Irf8/Slc7a5/Cyba/Mvd/Cdt1/Aprt/Ccsap/Acta1/Cadps/Il3ra/Nr1d2/Gng2/Myoz1/Synpo2l/Plau/Adk/Zfp503/Lrtm1/Cacna1d/Tkt/Prkcd/Mustn1/Itih4/3425401B19Rik/Vstm4/Arhgap22/Shld2/Sncg/Grid1/Ptger2/Samd4/Lgals3/Dlgap5/Or4k6/Or4n4/Or4n4b/Or4m1/Or4q3/Slc7a7/Mmp14/Slc7a8/Fitm1/Ripk3/Cma1/Mcpt4/Il17d/Ska3/Phf11a/Shisa2/Ctsb/Pbk/Esco2/Cdca2/Slc25a37/Egr3/Hr/Dok2/Gfra2/Lcp1/Diaph3/Kctd12/Acod1/Mycbp2/Dct/Gpr183/Itgbl1/Fgf14/Mmp13/Mmp12/Sesn3/Fut4/Panx1/Fat3/S1pr2/Icam1/Ldlr/Spc24/Angptl8/Anln/Hspa8/Ubash3b/Sorl1/Sc5d/Trim29/Abcg4/C2cd2l/Scn4b/Il10ra/Fxyd2/Apoc3/Cadm1/Dixdc1/Arhgap20/Rab39/Nrg4/Cspg4/Pkm/Kif23/Zwilch/Cilp/Pclaf/Aph1c/Rab8b/Tpm1/C2cd4a/Myo1e/Ccnb2/Aldh1a2/Klhl31/Cgas/Cd109/Irak1bp1/Ttk/Tpbg/Me1/Bcl2a1d/Bcl2a1a/Bcl2a1b/Ctsh/Plscr1/Slc9a9/Pxylp1/Spsb4/Rbp1/Ackr4/Tlr9/Ifrd2/Traip/Bsn/Gpx1/Cspg5/Pth1r/Ccrl2/Cmtm7/Vill/Xirp1/Abhd5/Ccr1/Ccr5/Pgam2/Gck/Myo1g/Tns3/Ikzf1/Fignl1/Plek/Pus10/Rel/Sptbn1/Sh3pxd2b/Stk10/Lcp2/Dock2/Insyn2b/Spdl1/Slit3/Cyfip2/Havcr2/Rad50/Tnip1/Anxa6/Slc36a2/Sparc/Obscn/Nlrp3/Pemt/Srebf1/Tnfrsf13b/Mfap4/Adora2b/Trpv2/Shisa6/Gas7/Glp2r/Pik3r5/Aurkb/Cd68/Tnfsf12/Tnk1/Ybx2/Slc2a4/Arrb2/Cxcl16/Zmynd15/Scimp/Nlrp1a/Nlrp1b/Atp2a3/Itgae/P2rx5/Shpk/Trpv1/Trpv3/Aspa/Rap1gap2/Serpinf1/Tlcd2/Rilp/Abr/Traf4/Tlcd1/Spag5/Adap2/Ccl2/Ccl7/Slfn2/Ccl5/Ccl9/Ccl6/Ccl3/Ccl4/Myo19/Prr11/Trim25/Nog/Hlf/Tob1/Eme1/Arhgap23/Cacnb1/Stac2/Grb7/Rara/Top2a/Ccr7/Jup/Dhx58/Atp6v0a1/Mlx/Cntnap1/Ccr10/Vat1/Rnd2/Brca1/Tmem106a/Meox1/Dusp3/Mpp2/Slc4a1/Grn/Kif18b/Fmnl1/Myl4/Scn4a/Milr1/Pitpnc1/Map2k6/Kcnj2/Cd300a/Cd300lb/Cd300ld/Cd300c2/Cd300ld2/Cd300ld4/Cd300ld3/Cd300lf/Unc13d/Trim47/Ten1/Ube2o/Septin9/Birc5/Socs3/C1qtnf1/Nptx1/Actg1/Pycr1/Hmga1b/Ccdc57/Metrnl/Ryr2/Gpr137b/Nkapl/H2ac13/H2ac15/H1f5/H2ac22/H2ac23/H2ac24/H2ac12/H2ac11/H2ac10/H2ac7/H2ac6/H2ac4/H1f1/Gmnn/Sox4/Mylk4/Serpinb6b/Serpinb9b/Serpinb6a/Tubb2b/Ly86/Gcnt2/Nedd9/Cd83/Ninj1/Sema4d/Diras2/Syk/Hrh2/Unc5a/Hk3/Rgs14/Pdlim7/Tifab/Ctsl/Cdk20/Adamts16/Mctp1/Rasgrf2/Cmya5/Lhfpl2/Iqgap2/Enc1/Naip2/Naip5/Naip6/Naip1/Ccnb1/Pik3r1/Cd180/Rnf180/Depdc1b/Plk2/Gzma/Ndufs4/Isl1/Parp8/Fkbp1b/Sdc1/Lpin1/Ntsr2/Hpcal1/Rrm2/Id2/Rsad2/Sh3yl1/Fam110c/Dld/Pik3cg/Nampt/Ifrd1/Lrrn3/Frmd6/Gpr135/Dhrs7/Hspa2/Sptb/Rdh11/Actn1/Fos/Tgfb3/Gpr65/Gpr68/Fbln5/Lgmn/Asb2/Ifi27/Ifi27l2a/Serpina3b/Serpina3i/Serpina3j/Serpina3m/Evl/Pld4/Gpr132/Crip2/Crip1/Tedc1/Ptger4/Dab2/Il7r/Npr3/Basp1/Retreg1/Dcstamp/Angpt1/Sybu/Sqle/Sla/Arc/Ly6h/Dgat1/Recql4/Arhgap39/Pvalb/Csf2rb2/Il2rb/Rac2/Cyth4/Baiap2l2/Grap2/Fam83f/Mrtfa/Tef/Nfam1/Tafa5/Plxnb2/Slc38a1/Endou/Racgap1/Gpd1/Acvr1b/Nr4a1/Itga5/Nckap1l/Ppp1r1a/Abat/Ciita/Socs1/Pkp2/Sdf2l1/P2rx6/Prodh/Cldn5/Clcn2/Ephb3/Igf2bp2/Etv5/St6gal1/Masp1/Trp63/P3h2/Apod/Nrros/Fbxo45/Tnk2/Parp14/Cd86/Eaf2/Hcls1/Polq/Gpr156/Cd80/Cd200r1/Cd200r4/Retnla/Cip2a/Vgll3/Gbe1/Samsn1/App/Adamts5/Tiam1/Mrap/Ifngr2/Runx1/Kcnj15/Ripk4/Rps6ka2/Pnldc1/Acat2/Thbs2/Tnfrsf12a/Ccnf/Rpl3l/Jpt2/Chtf18/Metrn/Hmga1/Mdga1/Abcg1/Cbs/Rasal3/Myo1f/Kifc1/H2-DMa/H2-DMb2/H2-DMb1/H2-Ab1/H2-Aa/H2-Eb1/Gpsm3/Cfb/Hspa1b/Hspa1a/Clic1/Aif1/Lst1/Tnf/H2-Q10/Trim10/Ubd/H2-M3/Tnfrsf21/Pla2g7/Runx2/Nfkbie/Slc29a1/Trerf1/Trem1/Trem2/Nfya/Apobec2/Rftn1/Plcl2/Slc5a7/Adgre4/Ebi3/Uhrf1/Ptprs/Rfx2/C3/Vav1/Adgre1/Nudt12/Rab31/Tgif1/Myom1/Ndc80/Lbh/Ehd3/Nlrc4/Cdkl4/Slc8a1/Plekhh2/Prkce/Nrxn1/Gapdh-ps15/Kif20a/Cdc25c/Egr1/Sting1/Hbegf/Apbb3/Diaph1/Spry4/Dpysl3/Trim36/Ticam2/Cdo1/Eno1b/Lox/Zfp608/Synpo/Cd74/Camk2a/Csf1r/Alpk2/Pmaip1/Gnal/Mc5r/Mc2r/Lipg/Pard6g/Slc66a2/Cd226/Cpt1a/Tcirg1/Unc93b1/Gpr152/Pcx/Lrfn4/Actn3/Npas4/Ltbp3/Cdca5/Batf2/Ccdc88b/Fermt3/Slc3a2/Bscl2/Incenp/Fads2/Cd6/Slc15a3/Ms4a7/Ms4a6d/Dtx4/Fam111a/Lpxn/Anxa1/Apba1/Fxn/Dock8/Plpp6/Stambpl1/Acta2/Lipa/Kif20b/Ppp1r3c/Kif11/Hhex/Myof/Cep55/Rbp4/Pdlim1/Entpd1/Blnk/Pik3ap1/Sfrp5/Crtac1/Got1/Scd1/Calhm2/Dusp5/Gpam/Afap1l2/Shtn1/Csf2ra/COX2"
"GO:0098754","GO:0098754","detoxification",22,"22/2778","Gsta3/Slc11a1/Rab29/Ptgs2/Mtarc1/Ptges/Cp/Mgst2/S100a8/Oscp1/Sesn2/Nos3/Sod3/Aldh2/Mt2/Mt1/Gpx1/Gpx8/Rdh11/Fbln5/Prkce/Aldh1a7"
